id,fromUserId,toUserId,senderId,receiverId,status,createdAt,timestamp,updatedAt,conversationId,relationshipRefPath
50ltSXixlIpY4M1tbCdS,w3CzPUO9ZqMUy192hagGMOlljio1,EDqobW12cRRQ71brC4earMdwMbg2,,,,2026-06-15T11:09:05.219Z,,2026-06-16T09:36:05.184Z,EDqobW12cRRQ71brC4earMdwMbg2_w3CzPUO9ZqMUy192hagGMOlljio1,player_relationships/EDqobW12cRRQ71brC4earMdwMbg2_w3CzPUO9ZqMUy192hagGMOlljio1
agUZStIbymI33ES5fs7S,w3CzPUO9ZqMUy192hagGMOlljio1,SkAO1osScAR1HNNf97BMgLmkvN33,,,,2026-06-13T03:41:33.449Z,,2026-06-15T11:04:54.222Z,SkAO1osScAR1HNNf97BMgLmkvN33_w3CzPUO9ZqMUy192hagGMOlljio1,player_relationships/SkAO1osScAR1HNNf97BMgLmkvN33_w3CzPUO9ZqMUy192hagGMOlljio1
Hn6Tm0FWZ1OYPKQRwJm5,w3CzPUO9ZqMUy192hagGMOlljio1,SkAO1osScAR1HNNf97BMgLmkvN33,,,,2026-06-13T03:36:50.194Z,,2026-06-13T03:41:13.612Z,SkAO1osScAR1HNNf97BMgLmkvN33_w3CzPUO9ZqMUy192hagGMOlljio1,player_relationships/SkAO1osScAR1HNNf97BMgLmkvN33_w3CzPUO9ZqMUy192hagGMOlljio1
4ChhVfJ702uJTocegts7,mYForAy00DhIeeMjm2juKRRoyBm1,stXpKpE1wSVEGo6BXDMItfmHIuQ2,,,,2026-06-03T07:04:13.926Z,,2026-06-03T07:36:18.530Z,mYForAy00DhIeeMjm2juKRRoyBm1_stXpKpE1wSVEGo6BXDMItfmHIuQ2,player_relationships/mYForAy00DhIeeMjm2juKRRoyBm1_stXpKpE1wSVEGo6BXDMItfmHIuQ2
bXidfNsWEcYWNyl0z4L3,mYForAy00DhIeeMjm2juKRRoyBm1,stXpKpE1wSVEGo6BXDMItfmHIuQ2,,,,2026-06-03T07:03:59.087Z,,2026-06-03T07:36:15.620Z,mYForAy00DhIeeMjm2juKRRoyBm1_stXpKpE1wSVEGo6BXDMItfmHIuQ2,player_relationships/mYForAy00DhIeeMjm2juKRRoyBm1_stXpKpE1wSVEGo6BXDMItfmHIuQ2
HVC3IdAIEjA3sdic8V6X,mYForAy00DhIeeMjm2juKRRoyBm1,stXpKpE1wSVEGo6BXDMItfmHIuQ2,,,,2026-06-03T07:03:58.806Z,,2026-06-03T07:36:12.441Z,mYForAy00DhIeeMjm2juKRRoyBm1_stXpKpE1wSVEGo6BXDMItfmHIuQ2,player_relationships/mYForAy00DhIeeMjm2juKRRoyBm1_stXpKpE1wSVEGo6BXDMItfmHIuQ2
08unheB7Ob2CryYxkRku,mYForAy00DhIeeMjm2juKRRoyBm1,stXpKpE1wSVEGo6BXDMItfmHIuQ2,,,,2026-06-03T07:03:58.646Z,,2026-06-03T07:36:09.720Z,mYForAy00DhIeeMjm2juKRRoyBm1_stXpKpE1wSVEGo6BXDMItfmHIuQ2,player_relationships/mYForAy00DhIeeMjm2juKRRoyBm1_stXpKpE1wSVEGo6BXDMItfmHIuQ2
tGSnKylhYLYvjlcYFdtb,mYForAy00DhIeeMjm2juKRRoyBm1,stXpKpE1wSVEGo6BXDMItfmHIuQ2,,,,2026-06-03T07:03:58.212Z,,2026-06-03T07:36:05.725Z,mYForAy00DhIeeMjm2juKRRoyBm1_stXpKpE1wSVEGo6BXDMItfmHIuQ2,player_relationships/mYForAy00DhIeeMjm2juKRRoyBm1_stXpKpE1wSVEGo6BXDMItfmHIuQ2
esrZiELp5NSjBpovdQWq,mYForAy00DhIeeMjm2juKRRoyBm1,stXpKpE1wSVEGo6BXDMItfmHIuQ2,,,,2026-06-03T07:03:57.782Z,,2026-06-03T07:36:02.424Z,mYForAy00DhIeeMjm2juKRRoyBm1_stXpKpE1wSVEGo6BXDMItfmHIuQ2,player_relationships/mYForAy00DhIeeMjm2juKRRoyBm1_stXpKpE1wSVEGo6BXDMItfmHIuQ2
mgrfJrD3C6n8KdfCYKBE,mYForAy00DhIeeMjm2juKRRoyBm1,stXpKpE1wSVEGo6BXDMItfmHIuQ2,,,,2026-06-03T07:03:53.213Z,,2026-06-03T07:35:53.124Z,mYForAy00DhIeeMjm2juKRRoyBm1_stXpKpE1wSVEGo6BXDMItfmHIuQ2,player_relationships/mYForAy00DhIeeMjm2juKRRoyBm1_stXpKpE1wSVEGo6BXDMItfmHIuQ2
aTuzs5lXVDUNffxhw5PW,mYForAy00DhIeeMjm2juKRRoyBm1,stXpKpE1wSVEGo6BXDMItfmHIuQ2,,,,2026-06-03T07:03:45.807Z,,2026-06-03T07:35:39.725Z,mYForAy00DhIeeMjm2juKRRoyBm1_stXpKpE1wSVEGo6BXDMItfmHIuQ2,player_relationships/mYForAy00DhIeeMjm2juKRRoyBm1_stXpKpE1wSVEGo6BXDMItfmHIuQ2
ddddE1I7sSS4KDkrv1JV,mYForAy00DhIeeMjm2juKRRoyBm1,stXpKpE1wSVEGo6BXDMItfmHIuQ2,,,,2026-06-03T07:03:40.409Z,,2026-06-03T07:35:36.734Z,mYForAy00DhIeeMjm2juKRRoyBm1_stXpKpE1wSVEGo6BXDMItfmHIuQ2,player_relationships/mYForAy00DhIeeMjm2juKRRoyBm1_stXpKpE1wSVEGo6BXDMItfmHIuQ2
KFOMZsdnvAVsCpA70rk4,mYForAy00DhIeeMjm2juKRRoyBm1,stXpKpE1wSVEGo6BXDMItfmHIuQ2,,,,2026-06-03T07:03:37.237Z,,2026-06-03T07:35:31.909Z,mYForAy00DhIeeMjm2juKRRoyBm1_stXpKpE1wSVEGo6BXDMItfmHIuQ2,player_relationships/mYForAy00DhIeeMjm2juKRRoyBm1_stXpKpE1wSVEGo6BXDMItfmHIuQ2
TUWxMrFLdqqUDT8mOWxL,c5LHstrHEqbLqQj2aJbH3YBB8Dt1,mYForAy00DhIeeMjm2juKRRoyBm1,,,,2026-05-29T11:35:53.361Z,,2026-05-29T11:36:19.610Z,c5LHstrHEqbLqQj2aJbH3YBB8Dt1_mYForAy00DhIeeMjm2juKRRoyBm1,player_relationships/c5LHstrHEqbLqQj2aJbH3YBB8Dt1_mYForAy00DhIeeMjm2juKRRoyBm1
oUjwK9LWPoRxvs6ZdH3p,c5LHstrHEqbLqQj2aJbH3YBB8Dt1,mYForAy00DhIeeMjm2juKRRoyBm1,,,,2026-05-29T11:35:52.349Z,,2026-05-29T11:36:27.992Z,c5LHstrHEqbLqQj2aJbH3YBB8Dt1_mYForAy00DhIeeMjm2juKRRoyBm1,player_relationships/c5LHstrHEqbLqQj2aJbH3YBB8Dt1_mYForAy00DhIeeMjm2juKRRoyBm1
g6mPaQvuugvr7mxcWmvF,c5LHstrHEqbLqQj2aJbH3YBB8Dt1,mYForAy00DhIeeMjm2juKRRoyBm1,,,,2026-05-29T11:35:51.352Z,,2026-05-29T11:36:31.413Z,c5LHstrHEqbLqQj2aJbH3YBB8Dt1_mYForAy00DhIeeMjm2juKRRoyBm1,player_relationships/c5LHstrHEqbLqQj2aJbH3YBB8Dt1_mYForAy00DhIeeMjm2juKRRoyBm1
f09pQxnBChbWcK5wUbQh,c5LHstrHEqbLqQj2aJbH3YBB8Dt1,mYForAy00DhIeeMjm2juKRRoyBm1,,,,2026-05-29T11:35:49.653Z,,2026-05-29T11:36:34.090Z,c5LHstrHEqbLqQj2aJbH3YBB8Dt1_mYForAy00DhIeeMjm2juKRRoyBm1,player_relationships/c5LHstrHEqbLqQj2aJbH3YBB8Dt1_mYForAy00DhIeeMjm2juKRRoyBm1
njPj951w5kQHycXdS2up,c5LHstrHEqbLqQj2aJbH3YBB8Dt1,mYForAy00DhIeeMjm2juKRRoyBm1,,,,2026-05-29T11:35:49.460Z,,2026-05-29T11:36:36.769Z,c5LHstrHEqbLqQj2aJbH3YBB8Dt1_mYForAy00DhIeeMjm2juKRRoyBm1,player_relationships/c5LHstrHEqbLqQj2aJbH3YBB8Dt1_mYForAy00DhIeeMjm2juKRRoyBm1
s3h1Q5pH27KBIdivqJCR,c5LHstrHEqbLqQj2aJbH3YBB8Dt1,mYForAy00DhIeeMjm2juKRRoyBm1,,,,2026-05-29T11:35:49.278Z,,2026-05-29T11:36:39.545Z,c5LHstrHEqbLqQj2aJbH3YBB8Dt1_mYForAy00DhIeeMjm2juKRRoyBm1,player_relationships/c5LHstrHEqbLqQj2aJbH3YBB8Dt1_mYForAy00DhIeeMjm2juKRRoyBm1
7MbVeLKouCGlCVVdN422,c5LHstrHEqbLqQj2aJbH3YBB8Dt1,mYForAy00DhIeeMjm2juKRRoyBm1,,,,2026-05-29T11:35:49.108Z,,2026-05-29T11:36:41.863Z,c5LHstrHEqbLqQj2aJbH3YBB8Dt1_mYForAy00DhIeeMjm2juKRRoyBm1,player_relationships/c5LHstrHEqbLqQj2aJbH3YBB8Dt1_mYForAy00DhIeeMjm2juKRRoyBm1
pUpWJjE3sS4HIVyTQDXQ,c5LHstrHEqbLqQj2aJbH3YBB8Dt1,mYForAy00DhIeeMjm2juKRRoyBm1,,,,2026-05-29T11:35:48.929Z,,2026-05-29T11:36:48.723Z,c5LHstrHEqbLqQj2aJbH3YBB8Dt1_mYForAy00DhIeeMjm2juKRRoyBm1,player_relationships/c5LHstrHEqbLqQj2aJbH3YBB8Dt1_mYForAy00DhIeeMjm2juKRRoyBm1
7yBuweLh9e1C26Gs3Qsf,c5LHstrHEqbLqQj2aJbH3YBB8Dt1,mYForAy00DhIeeMjm2juKRRoyBm1,,,,2026-05-29T11:35:48.752Z,,2026-05-29T11:36:51.176Z,c5LHstrHEqbLqQj2aJbH3YBB8Dt1_mYForAy00DhIeeMjm2juKRRoyBm1,player_relationships/c5LHstrHEqbLqQj2aJbH3YBB8Dt1_mYForAy00DhIeeMjm2juKRRoyBm1
Ya176FYsgW17YneQFCBA,c5LHstrHEqbLqQj2aJbH3YBB8Dt1,mYForAy00DhIeeMjm2juKRRoyBm1,,,,2026-05-29T11:35:48.556Z,,2026-05-29T11:36:54.062Z,c5LHstrHEqbLqQj2aJbH3YBB8Dt1_mYForAy00DhIeeMjm2juKRRoyBm1,player_relationships/c5LHstrHEqbLqQj2aJbH3YBB8Dt1_mYForAy00DhIeeMjm2juKRRoyBm1
WG2SZy67JzkirROsuqlu,c5LHstrHEqbLqQj2aJbH3YBB8Dt1,mYForAy00DhIeeMjm2juKRRoyBm1,,,,2026-05-29T11:35:48.337Z,,2026-05-29T11:36:56.725Z,c5LHstrHEqbLqQj2aJbH3YBB8Dt1_mYForAy00DhIeeMjm2juKRRoyBm1,player_relationships/c5LHstrHEqbLqQj2aJbH3YBB8Dt1_mYForAy00DhIeeMjm2juKRRoyBm1
hWh1mj4LptEnNktavqaL,c5LHstrHEqbLqQj2aJbH3YBB8Dt1,mYForAy00DhIeeMjm2juKRRoyBm1,,,,2026-05-29T11:35:47.420Z,,2026-05-29T11:36:59.379Z,c5LHstrHEqbLqQj2aJbH3YBB8Dt1_mYForAy00DhIeeMjm2juKRRoyBm1,player_relationships/c5LHstrHEqbLqQj2aJbH3YBB8Dt1_mYForAy00DhIeeMjm2juKRRoyBm1
Fd2yDghYqYUmSu6JsBte,c5LHstrHEqbLqQj2aJbH3YBB8Dt1,mYForAy00DhIeeMjm2juKRRoyBm1,,,,2026-05-29T11:35:36.765Z,,2026-05-29T11:37:01.748Z,c5LHstrHEqbLqQj2aJbH3YBB8Dt1_mYForAy00DhIeeMjm2juKRRoyBm1,player_relationships/c5LHstrHEqbLqQj2aJbH3YBB8Dt1_mYForAy00DhIeeMjm2juKRRoyBm1
9m08JQCwegnmrSkb65SU,c5LHstrHEqbLqQj2aJbH3YBB8Dt1,mYForAy00DhIeeMjm2juKRRoyBm1,,,,2026-05-29T11:35:36.497Z,,2026-05-29T11:37:04.353Z,c5LHstrHEqbLqQj2aJbH3YBB8Dt1_mYForAy00DhIeeMjm2juKRRoyBm1,player_relationships/c5LHstrHEqbLqQj2aJbH3YBB8Dt1_mYForAy00DhIeeMjm2juKRRoyBm1
Kz3frEK6aXjUgwr0RgBE,c5LHstrHEqbLqQj2aJbH3YBB8Dt1,mYForAy00DhIeeMjm2juKRRoyBm1,,,,2026-05-29T11:35:36.102Z,,2026-05-29T11:37:07.097Z,c5LHstrHEqbLqQj2aJbH3YBB8Dt1_mYForAy00DhIeeMjm2juKRRoyBm1,player_relationships/c5LHstrHEqbLqQj2aJbH3YBB8Dt1_mYForAy00DhIeeMjm2juKRRoyBm1
TcQH5E7mprGJO4tWDCLn,c5LHstrHEqbLqQj2aJbH3YBB8Dt1,mYForAy00DhIeeMjm2juKRRoyBm1,,,,2026-05-29T11:35:21.312Z,,2026-05-29T11:37:09.420Z,c5LHstrHEqbLqQj2aJbH3YBB8Dt1_mYForAy00DhIeeMjm2juKRRoyBm1,player_relationships/c5LHstrHEqbLqQj2aJbH3YBB8Dt1_mYForAy00DhIeeMjm2juKRRoyBm1
l2VA9ttd8Q1JidyAl49b,c5LHstrHEqbLqQj2aJbH3YBB8Dt1,mYForAy00DhIeeMjm2juKRRoyBm1,,,,2026-05-29T11:35:21.113Z,,2026-05-29T11:37:12.250Z,c5LHstrHEqbLqQj2aJbH3YBB8Dt1_mYForAy00DhIeeMjm2juKRRoyBm1,player_relationships/c5LHstrHEqbLqQj2aJbH3YBB8Dt1_mYForAy00DhIeeMjm2juKRRoyBm1
Cu8HGORzXC7QDF7zdkUh,c5LHstrHEqbLqQj2aJbH3YBB8Dt1,mYForAy00DhIeeMjm2juKRRoyBm1,,,,2026-05-29T11:35:19.073Z,,2026-05-29T11:37:14.690Z,c5LHstrHEqbLqQj2aJbH3YBB8Dt1_mYForAy00DhIeeMjm2juKRRoyBm1,player_relationships/c5LHstrHEqbLqQj2aJbH3YBB8Dt1_mYForAy00DhIeeMjm2juKRRoyBm1
NgLH8rwj5XMKcGcUnZuJ,c5LHstrHEqbLqQj2aJbH3YBB8Dt1,mYForAy00DhIeeMjm2juKRRoyBm1,,,,2026-05-29T11:35:18.659Z,,2026-05-29T11:37:17.879Z,c5LHstrHEqbLqQj2aJbH3YBB8Dt1_mYForAy00DhIeeMjm2juKRRoyBm1,player_relationships/c5LHstrHEqbLqQj2aJbH3YBB8Dt1_mYForAy00DhIeeMjm2juKRRoyBm1
dv0IBBWTzCqMPCUy9d4J,c5LHstrHEqbLqQj2aJbH3YBB8Dt1,mYForAy00DhIeeMjm2juKRRoyBm1,,,,2026-05-29T11:35:17.340Z,,2026-05-29T11:37:20.268Z,c5LHstrHEqbLqQj2aJbH3YBB8Dt1_mYForAy00DhIeeMjm2juKRRoyBm1,player_relationships/c5LHstrHEqbLqQj2aJbH3YBB8Dt1_mYForAy00DhIeeMjm2juKRRoyBm1
upbusVDfLDEBz5xRDPE2,c5LHstrHEqbLqQj2aJbH3YBB8Dt1,mYForAy00DhIeeMjm2juKRRoyBm1,,,,2026-05-29T11:35:16.027Z,,2026-06-09T13:48:23.862Z,c5LHstrHEqbLqQj2aJbH3YBB8Dt1_mYForAy00DhIeeMjm2juKRRoyBm1,player_relationships/c5LHstrHEqbLqQj2aJbH3YBB8Dt1_mYForAy00DhIeeMjm2juKRRoyBm1
rdqBdhEvsZW5zGT8B9fr,V4Qys8ISSybTR0ocYo9pg2UWita2,mpIdrQWw8BbZvJXpgGPjYvD5iHh1,,,,2026-05-22T12:09:18.127Z,,2026-05-22T12:09:18.127Z,V4Qys8ISSybTR0ocYo9pg2UWita2_mpIdrQWw8BbZvJXpgGPjYvD5iHh1,player_relationships/V4Qys8ISSybTR0ocYo9pg2UWita2_mpIdrQWw8BbZvJXpgGPjYvD5iHh1
w5XAl7QH1ZPZePiQymjn,V4Qys8ISSybTR0ocYo9pg2UWita2,mpIdrQWw8BbZvJXpgGPjYvD5iHh1,,,,2026-05-22T12:09:16.885Z,,2026-05-22T12:09:16.885Z,V4Qys8ISSybTR0ocYo9pg2UWita2_mpIdrQWw8BbZvJXpgGPjYvD5iHh1,player_relationships/V4Qys8ISSybTR0ocYo9pg2UWita2_mpIdrQWw8BbZvJXpgGPjYvD5iHh1
VVeFJ84DweWK1xnnWtwU,e6UFaTdxrZbVPRivWF2wsqDthO33,zV88JnAGJJg8wNIAmmhDeGtFYKI2,,,,2026-05-18T10:49:07.739Z,,2026-05-18T10:49:07.739Z,e6UFaTdxrZbVPRivWF2wsqDthO33_zV88JnAGJJg8wNIAmmhDeGtFYKI2,player_relationships/e6UFaTdxrZbVPRivWF2wsqDthO33_zV88JnAGJJg8wNIAmmhDeGtFYKI2
pmZLCY2o8P7ikfzPbvOG,e6UFaTdxrZbVPRivWF2wsqDthO33,zV88JnAGJJg8wNIAmmhDeGtFYKI2,,,,2026-05-18T10:48:32.444Z,,2026-05-18T10:48:32.444Z,e6UFaTdxrZbVPRivWF2wsqDthO33_zV88JnAGJJg8wNIAmmhDeGtFYKI2,player_relationships/e6UFaTdxrZbVPRivWF2wsqDthO33_zV88JnAGJJg8wNIAmmhDeGtFYKI2
Rvg45fPt4g8pcYEcWsXV,e6UFaTdxrZbVPRivWF2wsqDthO33,zV88JnAGJJg8wNIAmmhDeGtFYKI2,,,,2026-05-18T10:48:29.691Z,,2026-05-18T10:48:29.691Z,e6UFaTdxrZbVPRivWF2wsqDthO33_zV88JnAGJJg8wNIAmmhDeGtFYKI2,player_relationships/e6UFaTdxrZbVPRivWF2wsqDthO33_zV88JnAGJJg8wNIAmmhDeGtFYKI2
wNASd6m4FW2sY15U7BlL,5xIDexVRYiaSFTLkzdlYY7IzelA2,Zs1xM6kEaDXDf9dgLAVbPp74UbO2,,,,2026-05-10T05:41:58.956Z,,2026-05-10T11:36:23.684Z,5xIDexVRYiaSFTLkzdlYY7IzelA2_Zs1xM6kEaDXDf9dgLAVbPp74UbO2,player_relationships/5xIDexVRYiaSFTLkzdlYY7IzelA2_Zs1xM6kEaDXDf9dgLAVbPp74UbO2
rriO8Dp5xeW2XfbLqECa,5xIDexVRYiaSFTLkzdlYY7IzelA2,Zs1xM6kEaDXDf9dgLAVbPp74UbO2,,,,2026-05-10T05:41:56.477Z,,2026-05-10T05:41:56.477Z,5xIDexVRYiaSFTLkzdlYY7IzelA2_Zs1xM6kEaDXDf9dgLAVbPp74UbO2,player_relationships/5xIDexVRYiaSFTLkzdlYY7IzelA2_Zs1xM6kEaDXDf9dgLAVbPp74UbO2
ZDsacKaWUPrnGEJM92ym,g7T9f45nZ9h7UFgHiKDhI0ei5ai1,60yc7ZQ1QKUtZWErQa8iQdo66QU2,,,,2026-05-01T04:14:37.949Z,,2026-05-01T04:14:37.949Z,60yc7ZQ1QKUtZWErQa8iQdo66QU2_g7T9f45nZ9h7UFgHiKDhI0ei5ai1,player_relationships/60yc7ZQ1QKUtZWErQa8iQdo66QU2_g7T9f45nZ9h7UFgHiKDhI0ei5ai1
GNuesRKbkSe15LcupMvC,g7T9f45nZ9h7UFgHiKDhI0ei5ai1,60yc7ZQ1QKUtZWErQa8iQdo66QU2,,,,2026-05-01T04:14:37.715Z,,2026-05-01T04:14:37.715Z,60yc7ZQ1QKUtZWErQa8iQdo66QU2_g7T9f45nZ9h7UFgHiKDhI0ei5ai1,player_relationships/60yc7ZQ1QKUtZWErQa8iQdo66QU2_g7T9f45nZ9h7UFgHiKDhI0ei5ai1
dy32XILoY3lG0wMDSrC6,g7T9f45nZ9h7UFgHiKDhI0ei5ai1,60yc7ZQ1QKUtZWErQa8iQdo66QU2,,,,2026-05-01T04:14:28.309Z,,2026-05-01T04:14:28.309Z,60yc7ZQ1QKUtZWErQa8iQdo66QU2_g7T9f45nZ9h7UFgHiKDhI0ei5ai1,player_relationships/60yc7ZQ1QKUtZWErQa8iQdo66QU2_g7T9f45nZ9h7UFgHiKDhI0ei5ai1
r7NI6zFiXnSdo9aCOul6,g7T9f45nZ9h7UFgHiKDhI0ei5ai1,60yc7ZQ1QKUtZWErQa8iQdo66QU2,,,,2026-05-01T04:14:28.279Z,,2026-05-01T04:14:28.279Z,60yc7ZQ1QKUtZWErQa8iQdo66QU2_g7T9f45nZ9h7UFgHiKDhI0ei5ai1,player_relationships/60yc7ZQ1QKUtZWErQa8iQdo66QU2_g7T9f45nZ9h7UFgHiKDhI0ei5ai1
8grZdvfqkBWz9eV8SZvs,g7T9f45nZ9h7UFgHiKDhI0ei5ai1,60yc7ZQ1QKUtZWErQa8iQdo66QU2,,,,2026-05-01T04:14:28.267Z,,2026-05-01T04:14:28.267Z,60yc7ZQ1QKUtZWErQa8iQdo66QU2_g7T9f45nZ9h7UFgHiKDhI0ei5ai1,player_relationships/60yc7ZQ1QKUtZWErQa8iQdo66QU2_g7T9f45nZ9h7UFgHiKDhI0ei5ai1
3znv4L29M3NBcpCy7uGW,g7T9f45nZ9h7UFgHiKDhI0ei5ai1,60yc7ZQ1QKUtZWErQa8iQdo66QU2,,,,2026-05-01T04:14:21.753Z,,2026-05-01T04:14:21.753Z,60yc7ZQ1QKUtZWErQa8iQdo66QU2_g7T9f45nZ9h7UFgHiKDhI0ei5ai1,player_relationships/60yc7ZQ1QKUtZWErQa8iQdo66QU2_g7T9f45nZ9h7UFgHiKDhI0ei5ai1
kMyrBKGUnldkLdgBBliD,g7T9f45nZ9h7UFgHiKDhI0ei5ai1,60yc7ZQ1QKUtZWErQa8iQdo66QU2,,,,2026-05-01T04:14:17.848Z,,2026-05-01T04:14:17.848Z,60yc7ZQ1QKUtZWErQa8iQdo66QU2_g7T9f45nZ9h7UFgHiKDhI0ei5ai1,player_relationships/60yc7ZQ1QKUtZWErQa8iQdo66QU2_g7T9f45nZ9h7UFgHiKDhI0ei5ai1
ooC1NuVw5VRn1LtaDD8b,g7T9f45nZ9h7UFgHiKDhI0ei5ai1,60yc7ZQ1QKUtZWErQa8iQdo66QU2,,,,2026-05-01T04:14:16.749Z,,2026-05-01T04:14:16.749Z,60yc7ZQ1QKUtZWErQa8iQdo66QU2_g7T9f45nZ9h7UFgHiKDhI0ei5ai1,player_relationships/60yc7ZQ1QKUtZWErQa8iQdo66QU2_g7T9f45nZ9h7UFgHiKDhI0ei5ai1
FBQaVwtteS2N7wnCgRJl,g7T9f45nZ9h7UFgHiKDhI0ei5ai1,60yc7ZQ1QKUtZWErQa8iQdo66QU2,,,,2026-05-01T04:14:13.183Z,,2026-05-01T04:14:13.183Z,60yc7ZQ1QKUtZWErQa8iQdo66QU2_g7T9f45nZ9h7UFgHiKDhI0ei5ai1,player_relationships/60yc7ZQ1QKUtZWErQa8iQdo66QU2_g7T9f45nZ9h7UFgHiKDhI0ei5ai1
uK3ofkOLtnUFT178V28P,g7T9f45nZ9h7UFgHiKDhI0ei5ai1,60yc7ZQ1QKUtZWErQa8iQdo66QU2,,,,2026-05-01T04:14:09.694Z,,2026-05-01T04:14:09.694Z,60yc7ZQ1QKUtZWErQa8iQdo66QU2_g7T9f45nZ9h7UFgHiKDhI0ei5ai1,player_relationships/60yc7ZQ1QKUtZWErQa8iQdo66QU2_g7T9f45nZ9h7UFgHiKDhI0ei5ai1
iJ3KIAGR2Q8gZcW4itam,g7T9f45nZ9h7UFgHiKDhI0ei5ai1,60yc7ZQ1QKUtZWErQa8iQdo66QU2,,,,2026-05-01T04:14:08.510Z,,2026-05-01T04:14:08.510Z,60yc7ZQ1QKUtZWErQa8iQdo66QU2_g7T9f45nZ9h7UFgHiKDhI0ei5ai1,player_relationships/60yc7ZQ1QKUtZWErQa8iQdo66QU2_g7T9f45nZ9h7UFgHiKDhI0ei5ai1
JbQR3VBeGpESpqWaSOHc,g7T9f45nZ9h7UFgHiKDhI0ei5ai1,60yc7ZQ1QKUtZWErQa8iQdo66QU2,,,,2026-05-01T04:14:08.419Z,,2026-05-01T04:14:08.419Z,60yc7ZQ1QKUtZWErQa8iQdo66QU2_g7T9f45nZ9h7UFgHiKDhI0ei5ai1,player_relationships/60yc7ZQ1QKUtZWErQa8iQdo66QU2_g7T9f45nZ9h7UFgHiKDhI0ei5ai1
aNSmPixV5Y3yn7TT1g0j,g7T9f45nZ9h7UFgHiKDhI0ei5ai1,60yc7ZQ1QKUtZWErQa8iQdo66QU2,,,,2026-05-01T04:14:08.395Z,,2026-05-01T04:14:08.395Z,60yc7ZQ1QKUtZWErQa8iQdo66QU2_g7T9f45nZ9h7UFgHiKDhI0ei5ai1,player_relationships/60yc7ZQ1QKUtZWErQa8iQdo66QU2_g7T9f45nZ9h7UFgHiKDhI0ei5ai1
e1Et4ERjbMRDDiTHF7nY,g7T9f45nZ9h7UFgHiKDhI0ei5ai1,60yc7ZQ1QKUtZWErQa8iQdo66QU2,,,,2026-05-01T04:14:07.503Z,,2026-05-01T04:14:07.503Z,60yc7ZQ1QKUtZWErQa8iQdo66QU2_g7T9f45nZ9h7UFgHiKDhI0ei5ai1,player_relationships/60yc7ZQ1QKUtZWErQa8iQdo66QU2_g7T9f45nZ9h7UFgHiKDhI0ei5ai1
XNAm3jk6LacYra9jxN1P,g7T9f45nZ9h7UFgHiKDhI0ei5ai1,60yc7ZQ1QKUtZWErQa8iQdo66QU2,,,,2026-05-01T04:14:00.610Z,,2026-05-01T04:14:00.610Z,60yc7ZQ1QKUtZWErQa8iQdo66QU2_g7T9f45nZ9h7UFgHiKDhI0ei5ai1,player_relationships/60yc7ZQ1QKUtZWErQa8iQdo66QU2_g7T9f45nZ9h7UFgHiKDhI0ei5ai1
thZRfB6uNF3PR2c0ZZSn,g7T9f45nZ9h7UFgHiKDhI0ei5ai1,60yc7ZQ1QKUtZWErQa8iQdo66QU2,,,,2026-05-01T04:13:58.715Z,,2026-05-01T04:13:58.715Z,60yc7ZQ1QKUtZWErQa8iQdo66QU2_g7T9f45nZ9h7UFgHiKDhI0ei5ai1,player_relationships/60yc7ZQ1QKUtZWErQa8iQdo66QU2_g7T9f45nZ9h7UFgHiKDhI0ei5ai1
JaPIyoFTRTZkYm3iYwgu,g7T9f45nZ9h7UFgHiKDhI0ei5ai1,60yc7ZQ1QKUtZWErQa8iQdo66QU2,,,,2026-05-01T04:13:57.633Z,,2026-05-01T04:13:57.633Z,60yc7ZQ1QKUtZWErQa8iQdo66QU2_g7T9f45nZ9h7UFgHiKDhI0ei5ai1,player_relationships/60yc7ZQ1QKUtZWErQa8iQdo66QU2_g7T9f45nZ9h7UFgHiKDhI0ei5ai1
iOK5ozPYFDPNnPX9sIvX,Pnlf1NEcejcuRbtGVpoLyO2YFHM2,fLQEisnhlRQIMckX6f67qnoE1IB3,,,,2026-04-30T08:36:12.865Z,,2026-05-03T02:56:21.588Z,Pnlf1NEcejcuRbtGVpoLyO2YFHM2_fLQEisnhlRQIMckX6f67qnoE1IB3,player_relationships/Pnlf1NEcejcuRbtGVpoLyO2YFHM2_fLQEisnhlRQIMckX6f67qnoE1IB3
uXHnqgBAPfa5pxluhk71,Pnlf1NEcejcuRbtGVpoLyO2YFHM2,fLQEisnhlRQIMckX6f67qnoE1IB3,,,,2026-04-30T08:36:12.672Z,,2026-04-30T08:36:12.672Z,Pnlf1NEcejcuRbtGVpoLyO2YFHM2_fLQEisnhlRQIMckX6f67qnoE1IB3,player_relationships/Pnlf1NEcejcuRbtGVpoLyO2YFHM2_fLQEisnhlRQIMckX6f67qnoE1IB3
miNVBUBvGZFxnCJYJMeo,Pnlf1NEcejcuRbtGVpoLyO2YFHM2,fLQEisnhlRQIMckX6f67qnoE1IB3,,,,2026-04-30T08:36:12.474Z,,2026-04-30T08:36:12.474Z,Pnlf1NEcejcuRbtGVpoLyO2YFHM2_fLQEisnhlRQIMckX6f67qnoE1IB3,player_relationships/Pnlf1NEcejcuRbtGVpoLyO2YFHM2_fLQEisnhlRQIMckX6f67qnoE1IB3
QOyRB3MIuagmdacRfRXf,Pnlf1NEcejcuRbtGVpoLyO2YFHM2,fLQEisnhlRQIMckX6f67qnoE1IB3,,,,2026-04-30T08:36:12.285Z,,2026-04-30T08:36:12.285Z,Pnlf1NEcejcuRbtGVpoLyO2YFHM2_fLQEisnhlRQIMckX6f67qnoE1IB3,player_relationships/Pnlf1NEcejcuRbtGVpoLyO2YFHM2_fLQEisnhlRQIMckX6f67qnoE1IB3
veBDbluKDr46tidlL9j2,Pnlf1NEcejcuRbtGVpoLyO2YFHM2,fLQEisnhlRQIMckX6f67qnoE1IB3,,,,2026-04-30T08:36:12.117Z,,2026-04-30T08:36:12.117Z,Pnlf1NEcejcuRbtGVpoLyO2YFHM2_fLQEisnhlRQIMckX6f67qnoE1IB3,player_relationships/Pnlf1NEcejcuRbtGVpoLyO2YFHM2_fLQEisnhlRQIMckX6f67qnoE1IB3
LOdOdEJVuKEQd6bFpJUX,Pnlf1NEcejcuRbtGVpoLyO2YFHM2,fLQEisnhlRQIMckX6f67qnoE1IB3,,,,2026-04-30T08:36:11.929Z,,2026-04-30T08:36:11.929Z,Pnlf1NEcejcuRbtGVpoLyO2YFHM2_fLQEisnhlRQIMckX6f67qnoE1IB3,player_relationships/Pnlf1NEcejcuRbtGVpoLyO2YFHM2_fLQEisnhlRQIMckX6f67qnoE1IB3
xNzWsmXIjYUpUL6OjJxi,Pnlf1NEcejcuRbtGVpoLyO2YFHM2,fLQEisnhlRQIMckX6f67qnoE1IB3,,,,2026-04-30T08:36:11.683Z,,2026-04-30T08:36:11.683Z,Pnlf1NEcejcuRbtGVpoLyO2YFHM2_fLQEisnhlRQIMckX6f67qnoE1IB3,player_relationships/Pnlf1NEcejcuRbtGVpoLyO2YFHM2_fLQEisnhlRQIMckX6f67qnoE1IB3
gTBhIJntGSFpLdrntLTm,Pnlf1NEcejcuRbtGVpoLyO2YFHM2,fLQEisnhlRQIMckX6f67qnoE1IB3,,,,2026-04-30T08:36:11.433Z,,2026-04-30T08:36:11.433Z,Pnlf1NEcejcuRbtGVpoLyO2YFHM2_fLQEisnhlRQIMckX6f67qnoE1IB3,player_relationships/Pnlf1NEcejcuRbtGVpoLyO2YFHM2_fLQEisnhlRQIMckX6f67qnoE1IB3
OCYCNF6xrX4ipXZYUHNA,Pnlf1NEcejcuRbtGVpoLyO2YFHM2,fLQEisnhlRQIMckX6f67qnoE1IB3,,,,2026-04-30T08:36:11.236Z,,2026-04-30T08:36:11.236Z,Pnlf1NEcejcuRbtGVpoLyO2YFHM2_fLQEisnhlRQIMckX6f67qnoE1IB3,player_relationships/Pnlf1NEcejcuRbtGVpoLyO2YFHM2_fLQEisnhlRQIMckX6f67qnoE1IB3
tuaSjMfMGzkZymhUFBwM,Pnlf1NEcejcuRbtGVpoLyO2YFHM2,fLQEisnhlRQIMckX6f67qnoE1IB3,,,,2026-04-30T08:36:10.982Z,,2026-04-30T08:36:10.982Z,Pnlf1NEcejcuRbtGVpoLyO2YFHM2_fLQEisnhlRQIMckX6f67qnoE1IB3,player_relationships/Pnlf1NEcejcuRbtGVpoLyO2YFHM2_fLQEisnhlRQIMckX6f67qnoE1IB3
ySfTYo4VV8WxlhskyJX0,Pnlf1NEcejcuRbtGVpoLyO2YFHM2,fLQEisnhlRQIMckX6f67qnoE1IB3,,,,2026-04-30T08:36:10.150Z,,2026-04-30T08:36:10.150Z,Pnlf1NEcejcuRbtGVpoLyO2YFHM2_fLQEisnhlRQIMckX6f67qnoE1IB3,player_relationships/Pnlf1NEcejcuRbtGVpoLyO2YFHM2_fLQEisnhlRQIMckX6f67qnoE1IB3
V8xEyGVNTZLv5hcpykQF,Pnlf1NEcejcuRbtGVpoLyO2YFHM2,fLQEisnhlRQIMckX6f67qnoE1IB3,,,,2026-04-30T08:36:09.287Z,,2026-04-30T08:36:09.287Z,Pnlf1NEcejcuRbtGVpoLyO2YFHM2_fLQEisnhlRQIMckX6f67qnoE1IB3,player_relationships/Pnlf1NEcejcuRbtGVpoLyO2YFHM2_fLQEisnhlRQIMckX6f67qnoE1IB3
MK7dGf3oFFbycAXs3tzX,Pnlf1NEcejcuRbtGVpoLyO2YFHM2,fLQEisnhlRQIMckX6f67qnoE1IB3,,,,2026-04-30T08:36:08.617Z,,2026-04-30T08:36:08.617Z,Pnlf1NEcejcuRbtGVpoLyO2YFHM2_fLQEisnhlRQIMckX6f67qnoE1IB3,player_relationships/Pnlf1NEcejcuRbtGVpoLyO2YFHM2_fLQEisnhlRQIMckX6f67qnoE1IB3
qUEQQu9H6HO5rj5g4irZ,Pnlf1NEcejcuRbtGVpoLyO2YFHM2,fLQEisnhlRQIMckX6f67qnoE1IB3,,,,2026-04-30T08:36:01.652Z,,2026-04-30T08:36:01.652Z,Pnlf1NEcejcuRbtGVpoLyO2YFHM2_fLQEisnhlRQIMckX6f67qnoE1IB3,player_relationships/Pnlf1NEcejcuRbtGVpoLyO2YFHM2_fLQEisnhlRQIMckX6f67qnoE1IB3
dLoxSnMDbFVQ7KQ3T5K0,Pnlf1NEcejcuRbtGVpoLyO2YFHM2,fLQEisnhlRQIMckX6f67qnoE1IB3,,,,2026-04-30T08:36:01.435Z,,2026-04-30T08:36:01.435Z,Pnlf1NEcejcuRbtGVpoLyO2YFHM2_fLQEisnhlRQIMckX6f67qnoE1IB3,player_relationships/Pnlf1NEcejcuRbtGVpoLyO2YFHM2_fLQEisnhlRQIMckX6f67qnoE1IB3
fOanzDEjcZGw16j1G67t,Pnlf1NEcejcuRbtGVpoLyO2YFHM2,fLQEisnhlRQIMckX6f67qnoE1IB3,,,,2026-04-30T08:36:01.237Z,,2026-04-30T08:36:01.237Z,Pnlf1NEcejcuRbtGVpoLyO2YFHM2_fLQEisnhlRQIMckX6f67qnoE1IB3,player_relationships/Pnlf1NEcejcuRbtGVpoLyO2YFHM2_fLQEisnhlRQIMckX6f67qnoE1IB3
dUzNylneZuqff255xzpt,Pnlf1NEcejcuRbtGVpoLyO2YFHM2,fLQEisnhlRQIMckX6f67qnoE1IB3,,,,2026-04-30T08:36:01.048Z,,2026-04-30T08:36:01.048Z,Pnlf1NEcejcuRbtGVpoLyO2YFHM2_fLQEisnhlRQIMckX6f67qnoE1IB3,player_relationships/Pnlf1NEcejcuRbtGVpoLyO2YFHM2_fLQEisnhlRQIMckX6f67qnoE1IB3
eEV2og0Q1Ym3rLBtgc8b,Pnlf1NEcejcuRbtGVpoLyO2YFHM2,fLQEisnhlRQIMckX6f67qnoE1IB3,,,,2026-04-30T08:36:00.838Z,,2026-04-30T08:36:00.838Z,Pnlf1NEcejcuRbtGVpoLyO2YFHM2_fLQEisnhlRQIMckX6f67qnoE1IB3,player_relationships/Pnlf1NEcejcuRbtGVpoLyO2YFHM2_fLQEisnhlRQIMckX6f67qnoE1IB3
eUE77yY71HBzeMCB8bFG,Pnlf1NEcejcuRbtGVpoLyO2YFHM2,fLQEisnhlRQIMckX6f67qnoE1IB3,,,,2026-04-30T08:36:00.641Z,,2026-04-30T08:36:00.641Z,Pnlf1NEcejcuRbtGVpoLyO2YFHM2_fLQEisnhlRQIMckX6f67qnoE1IB3,player_relationships/Pnlf1NEcejcuRbtGVpoLyO2YFHM2_fLQEisnhlRQIMckX6f67qnoE1IB3
ivyjLSQtkgMuhznJSYjc,Pnlf1NEcejcuRbtGVpoLyO2YFHM2,fLQEisnhlRQIMckX6f67qnoE1IB3,,,,2026-04-30T08:36:00.421Z,,2026-04-30T08:36:00.421Z,Pnlf1NEcejcuRbtGVpoLyO2YFHM2_fLQEisnhlRQIMckX6f67qnoE1IB3,player_relationships/Pnlf1NEcejcuRbtGVpoLyO2YFHM2_fLQEisnhlRQIMckX6f67qnoE1IB3
ksPUTgvvOwD5LOdWXdqH,Pnlf1NEcejcuRbtGVpoLyO2YFHM2,fLQEisnhlRQIMckX6f67qnoE1IB3,,,,2026-04-30T08:36:00.147Z,,2026-04-30T08:36:00.147Z,Pnlf1NEcejcuRbtGVpoLyO2YFHM2_fLQEisnhlRQIMckX6f67qnoE1IB3,player_relationships/Pnlf1NEcejcuRbtGVpoLyO2YFHM2_fLQEisnhlRQIMckX6f67qnoE1IB3
oX2zpVz2Wtko0RxeFoY7,Pnlf1NEcejcuRbtGVpoLyO2YFHM2,fLQEisnhlRQIMckX6f67qnoE1IB3,,,,2026-04-30T08:36:00.111Z,,2026-04-30T08:36:00.111Z,Pnlf1NEcejcuRbtGVpoLyO2YFHM2_fLQEisnhlRQIMckX6f67qnoE1IB3,player_relationships/Pnlf1NEcejcuRbtGVpoLyO2YFHM2_fLQEisnhlRQIMckX6f67qnoE1IB3
Ztpbk7NprGTKhdnvFAE5,Pnlf1NEcejcuRbtGVpoLyO2YFHM2,fLQEisnhlRQIMckX6f67qnoE1IB3,,,,2026-04-30T08:35:59.807Z,,2026-04-30T08:35:59.807Z,Pnlf1NEcejcuRbtGVpoLyO2YFHM2_fLQEisnhlRQIMckX6f67qnoE1IB3,player_relationships/Pnlf1NEcejcuRbtGVpoLyO2YFHM2_fLQEisnhlRQIMckX6f67qnoE1IB3
7mHEN663ll3OGORLbt4g,Pnlf1NEcejcuRbtGVpoLyO2YFHM2,fLQEisnhlRQIMckX6f67qnoE1IB3,,,,2026-04-30T08:35:59.607Z,,2026-04-30T08:35:59.607Z,Pnlf1NEcejcuRbtGVpoLyO2YFHM2_fLQEisnhlRQIMckX6f67qnoE1IB3,player_relationships/Pnlf1NEcejcuRbtGVpoLyO2YFHM2_fLQEisnhlRQIMckX6f67qnoE1IB3
7Xo4CJkbUHgZCbGkdK0t,Pnlf1NEcejcuRbtGVpoLyO2YFHM2,fLQEisnhlRQIMckX6f67qnoE1IB3,,,,2026-04-30T08:35:59.370Z,,2026-04-30T08:35:59.370Z,Pnlf1NEcejcuRbtGVpoLyO2YFHM2_fLQEisnhlRQIMckX6f67qnoE1IB3,player_relationships/Pnlf1NEcejcuRbtGVpoLyO2YFHM2_fLQEisnhlRQIMckX6f67qnoE1IB3
oc4vo1XMnn9hZLBZkrRC,Pnlf1NEcejcuRbtGVpoLyO2YFHM2,fLQEisnhlRQIMckX6f67qnoE1IB3,,,,2026-04-30T08:35:58.702Z,,2026-04-30T08:35:58.702Z,Pnlf1NEcejcuRbtGVpoLyO2YFHM2_fLQEisnhlRQIMckX6f67qnoE1IB3,player_relationships/Pnlf1NEcejcuRbtGVpoLyO2YFHM2_fLQEisnhlRQIMckX6f67qnoE1IB3
ISOVESgWDC1GefhfXP88,Pnlf1NEcejcuRbtGVpoLyO2YFHM2,fLQEisnhlRQIMckX6f67qnoE1IB3,,,,2026-04-30T08:35:58.532Z,,2026-04-30T08:35:58.532Z,Pnlf1NEcejcuRbtGVpoLyO2YFHM2_fLQEisnhlRQIMckX6f67qnoE1IB3,player_relationships/Pnlf1NEcejcuRbtGVpoLyO2YFHM2_fLQEisnhlRQIMckX6f67qnoE1IB3
Dgrwbdj8f0AeYBcWYq6M,Pnlf1NEcejcuRbtGVpoLyO2YFHM2,fLQEisnhlRQIMckX6f67qnoE1IB3,,,,2026-04-30T08:35:58.295Z,,2026-04-30T08:35:58.295Z,Pnlf1NEcejcuRbtGVpoLyO2YFHM2_fLQEisnhlRQIMckX6f67qnoE1IB3,player_relationships/Pnlf1NEcejcuRbtGVpoLyO2YFHM2_fLQEisnhlRQIMckX6f67qnoE1IB3
teX0G7zThHWgbJnDjm4O,Pnlf1NEcejcuRbtGVpoLyO2YFHM2,fLQEisnhlRQIMckX6f67qnoE1IB3,,,,2026-04-30T08:35:57.452Z,,2026-04-30T08:35:57.452Z,Pnlf1NEcejcuRbtGVpoLyO2YFHM2_fLQEisnhlRQIMckX6f67qnoE1IB3,player_relationships/Pnlf1NEcejcuRbtGVpoLyO2YFHM2_fLQEisnhlRQIMckX6f67qnoE1IB3
3Wo5SxuQFY55YmFTLfMa,Pnlf1NEcejcuRbtGVpoLyO2YFHM2,fLQEisnhlRQIMckX6f67qnoE1IB3,,,,2026-04-30T08:35:37.496Z,,2026-04-30T08:35:37.496Z,Pnlf1NEcejcuRbtGVpoLyO2YFHM2_fLQEisnhlRQIMckX6f67qnoE1IB3,player_relationships/Pnlf1NEcejcuRbtGVpoLyO2YFHM2_fLQEisnhlRQIMckX6f67qnoE1IB3
3NM19H80rRfcagT5QQRp,Pnlf1NEcejcuRbtGVpoLyO2YFHM2,fLQEisnhlRQIMckX6f67qnoE1IB3,,,,2026-04-30T08:35:37.199Z,,2026-04-30T08:35:37.199Z,Pnlf1NEcejcuRbtGVpoLyO2YFHM2_fLQEisnhlRQIMckX6f67qnoE1IB3,player_relationships/Pnlf1NEcejcuRbtGVpoLyO2YFHM2_fLQEisnhlRQIMckX6f67qnoE1IB3
AmB9E1ybReSQsmkDd0v5,Pnlf1NEcejcuRbtGVpoLyO2YFHM2,fLQEisnhlRQIMckX6f67qnoE1IB3,,,,2026-04-30T08:35:36.977Z,,2026-04-30T08:35:36.977Z,Pnlf1NEcejcuRbtGVpoLyO2YFHM2_fLQEisnhlRQIMckX6f67qnoE1IB3,player_relationships/Pnlf1NEcejcuRbtGVpoLyO2YFHM2_fLQEisnhlRQIMckX6f67qnoE1IB3
g21CzqnYRg41r5ZeAW9s,Pnlf1NEcejcuRbtGVpoLyO2YFHM2,fLQEisnhlRQIMckX6f67qnoE1IB3,,,,2026-04-30T08:35:36.740Z,,2026-04-30T08:35:36.740Z,Pnlf1NEcejcuRbtGVpoLyO2YFHM2_fLQEisnhlRQIMckX6f67qnoE1IB3,player_relationships/Pnlf1NEcejcuRbtGVpoLyO2YFHM2_fLQEisnhlRQIMckX6f67qnoE1IB3
ZTozKmkTceCs8v4OpVpu,Pnlf1NEcejcuRbtGVpoLyO2YFHM2,fLQEisnhlRQIMckX6f67qnoE1IB3,,,,2026-04-30T08:35:36.224Z,,2026-04-30T08:35:36.224Z,Pnlf1NEcejcuRbtGVpoLyO2YFHM2_fLQEisnhlRQIMckX6f67qnoE1IB3,player_relationships/Pnlf1NEcejcuRbtGVpoLyO2YFHM2_fLQEisnhlRQIMckX6f67qnoE1IB3
MM6klWTAqSCvrwwWeFKN,Pnlf1NEcejcuRbtGVpoLyO2YFHM2,fLQEisnhlRQIMckX6f67qnoE1IB3,,,,2026-04-30T08:35:35.425Z,,2026-04-30T08:35:35.425Z,Pnlf1NEcejcuRbtGVpoLyO2YFHM2_fLQEisnhlRQIMckX6f67qnoE1IB3,player_relationships/Pnlf1NEcejcuRbtGVpoLyO2YFHM2_fLQEisnhlRQIMckX6f67qnoE1IB3
KG6JQSTFuGQtGbhhHFjN,Pnlf1NEcejcuRbtGVpoLyO2YFHM2,fLQEisnhlRQIMckX6f67qnoE1IB3,,,,2026-04-30T08:35:29.035Z,,2026-04-30T08:35:29.035Z,Pnlf1NEcejcuRbtGVpoLyO2YFHM2_fLQEisnhlRQIMckX6f67qnoE1IB3,player_relationships/Pnlf1NEcejcuRbtGVpoLyO2YFHM2_fLQEisnhlRQIMckX6f67qnoE1IB3
YCdRTQou4pxl0rsGmHou,Pnlf1NEcejcuRbtGVpoLyO2YFHM2,fLQEisnhlRQIMckX6f67qnoE1IB3,,,,2026-04-30T08:35:23.588Z,,2026-04-30T08:35:23.588Z,Pnlf1NEcejcuRbtGVpoLyO2YFHM2_fLQEisnhlRQIMckX6f67qnoE1IB3,player_relationships/Pnlf1NEcejcuRbtGVpoLyO2YFHM2_fLQEisnhlRQIMckX6f67qnoE1IB3
qCQI5pVPZLFe7wcci8rZ,lADHf6b4XJWde4Lk8qQEB8K1Q1o1,vwGwonO7WNVafQdpWqYwEqyqfpD3,,,,2026-04-29T13:05:19.189Z,,2026-04-29T13:05:19.189Z,lADHf6b4XJWde4Lk8qQEB8K1Q1o1_vwGwonO7WNVafQdpWqYwEqyqfpD3,player_relationships/lADHf6b4XJWde4Lk8qQEB8K1Q1o1_vwGwonO7WNVafQdpWqYwEqyqfpD3
F5DEVVSc0bXuAjDwbHeT,lADHf6b4XJWde4Lk8qQEB8K1Q1o1,vwGwonO7WNVafQdpWqYwEqyqfpD3,,,,2026-04-29T13:05:16.515Z,,2026-04-29T13:05:16.515Z,lADHf6b4XJWde4Lk8qQEB8K1Q1o1_vwGwonO7WNVafQdpWqYwEqyqfpD3,player_relationships/lADHf6b4XJWde4Lk8qQEB8K1Q1o1_vwGwonO7WNVafQdpWqYwEqyqfpD3
yzgZ1GZ0wVLhYG1NLIAj,lADHf6b4XJWde4Lk8qQEB8K1Q1o1,vwGwonO7WNVafQdpWqYwEqyqfpD3,,,,2026-04-29T13:05:13.113Z,,2026-04-29T13:05:13.113Z,lADHf6b4XJWde4Lk8qQEB8K1Q1o1_vwGwonO7WNVafQdpWqYwEqyqfpD3,player_relationships/lADHf6b4XJWde4Lk8qQEB8K1Q1o1_vwGwonO7WNVafQdpWqYwEqyqfpD3
UQfJ84obMtIDAEHJBxWb,lADHf6b4XJWde4Lk8qQEB8K1Q1o1,vwGwonO7WNVafQdpWqYwEqyqfpD3,,,,2026-04-29T13:05:12.470Z,,2026-04-29T13:05:12.470Z,lADHf6b4XJWde4Lk8qQEB8K1Q1o1_vwGwonO7WNVafQdpWqYwEqyqfpD3,player_relationships/lADHf6b4XJWde4Lk8qQEB8K1Q1o1_vwGwonO7WNVafQdpWqYwEqyqfpD3
ONpgntV5kALCO3TZhkx0,lADHf6b4XJWde4Lk8qQEB8K1Q1o1,vwGwonO7WNVafQdpWqYwEqyqfpD3,,,,2026-04-29T13:05:12.440Z,,2026-04-29T13:05:12.440Z,lADHf6b4XJWde4Lk8qQEB8K1Q1o1_vwGwonO7WNVafQdpWqYwEqyqfpD3,player_relationships/lADHf6b4XJWde4Lk8qQEB8K1Q1o1_vwGwonO7WNVafQdpWqYwEqyqfpD3
IWBWNIFOH07V0QcMQGkT,lADHf6b4XJWde4Lk8qQEB8K1Q1o1,vwGwonO7WNVafQdpWqYwEqyqfpD3,,,,2026-04-29T13:05:12.428Z,,2026-04-29T13:05:12.428Z,lADHf6b4XJWde4Lk8qQEB8K1Q1o1_vwGwonO7WNVafQdpWqYwEqyqfpD3,player_relationships/lADHf6b4XJWde4Lk8qQEB8K1Q1o1_vwGwonO7WNVafQdpWqYwEqyqfpD3
4MXkn9B3yErJJLYfZGCW,lADHf6b4XJWde4Lk8qQEB8K1Q1o1,vwGwonO7WNVafQdpWqYwEqyqfpD3,,,,2026-04-29T13:05:10.312Z,,2026-04-29T13:05:10.312Z,lADHf6b4XJWde4Lk8qQEB8K1Q1o1_vwGwonO7WNVafQdpWqYwEqyqfpD3,player_relationships/lADHf6b4XJWde4Lk8qQEB8K1Q1o1_vwGwonO7WNVafQdpWqYwEqyqfpD3
PZsYMSQPbGOBga5hJBoD,lADHf6b4XJWde4Lk8qQEB8K1Q1o1,vwGwonO7WNVafQdpWqYwEqyqfpD3,,,,2026-04-29T13:05:09.796Z,,2026-04-29T13:05:09.796Z,lADHf6b4XJWde4Lk8qQEB8K1Q1o1_vwGwonO7WNVafQdpWqYwEqyqfpD3,player_relationships/lADHf6b4XJWde4Lk8qQEB8K1Q1o1_vwGwonO7WNVafQdpWqYwEqyqfpD3
To4cC9b5Id9bRjWyT9GY,lADHf6b4XJWde4Lk8qQEB8K1Q1o1,vwGwonO7WNVafQdpWqYwEqyqfpD3,,,,2026-04-29T13:05:08.182Z,,2026-04-29T13:05:08.182Z,lADHf6b4XJWde4Lk8qQEB8K1Q1o1_vwGwonO7WNVafQdpWqYwEqyqfpD3,player_relationships/lADHf6b4XJWde4Lk8qQEB8K1Q1o1_vwGwonO7WNVafQdpWqYwEqyqfpD3
b1GnZTGhSxEvu27Y9qTC,lADHf6b4XJWde4Lk8qQEB8K1Q1o1,vwGwonO7WNVafQdpWqYwEqyqfpD3,,,,2026-04-29T13:05:08.154Z,,2026-04-29T13:05:08.154Z,lADHf6b4XJWde4Lk8qQEB8K1Q1o1_vwGwonO7WNVafQdpWqYwEqyqfpD3,player_relationships/lADHf6b4XJWde4Lk8qQEB8K1Q1o1_vwGwonO7WNVafQdpWqYwEqyqfpD3
bXB5Z1R1EzLTGSYKPgBP,lADHf6b4XJWde4Lk8qQEB8K1Q1o1,vwGwonO7WNVafQdpWqYwEqyqfpD3,,,,2026-04-29T13:05:07.618Z,,2026-04-29T13:05:07.618Z,lADHf6b4XJWde4Lk8qQEB8K1Q1o1_vwGwonO7WNVafQdpWqYwEqyqfpD3,player_relationships/lADHf6b4XJWde4Lk8qQEB8K1Q1o1_vwGwonO7WNVafQdpWqYwEqyqfpD3
FKoW3SOUKf07U2KtGzir,lADHf6b4XJWde4Lk8qQEB8K1Q1o1,vwGwonO7WNVafQdpWqYwEqyqfpD3,,,,2026-04-29T13:05:07.008Z,,2026-04-29T13:05:07.008Z,lADHf6b4XJWde4Lk8qQEB8K1Q1o1_vwGwonO7WNVafQdpWqYwEqyqfpD3,player_relationships/lADHf6b4XJWde4Lk8qQEB8K1Q1o1_vwGwonO7WNVafQdpWqYwEqyqfpD3
aPHzBMgSWXN7Po49CkMz,lADHf6b4XJWde4Lk8qQEB8K1Q1o1,vwGwonO7WNVafQdpWqYwEqyqfpD3,,,,2026-04-29T13:05:06.620Z,,2026-04-29T13:05:06.620Z,lADHf6b4XJWde4Lk8qQEB8K1Q1o1_vwGwonO7WNVafQdpWqYwEqyqfpD3,player_relationships/lADHf6b4XJWde4Lk8qQEB8K1Q1o1_vwGwonO7WNVafQdpWqYwEqyqfpD3
5cve4NN5ywovr2okK4zb,lADHf6b4XJWde4Lk8qQEB8K1Q1o1,vwGwonO7WNVafQdpWqYwEqyqfpD3,,,,2026-04-29T13:05:06.295Z,,2026-04-29T13:05:06.295Z,lADHf6b4XJWde4Lk8qQEB8K1Q1o1_vwGwonO7WNVafQdpWqYwEqyqfpD3,player_relationships/lADHf6b4XJWde4Lk8qQEB8K1Q1o1_vwGwonO7WNVafQdpWqYwEqyqfpD3
vSFRElI9O8DUti77ZAP3,lADHf6b4XJWde4Lk8qQEB8K1Q1o1,vwGwonO7WNVafQdpWqYwEqyqfpD3,,,,2026-04-29T13:05:05.841Z,,2026-04-29T13:05:05.841Z,lADHf6b4XJWde4Lk8qQEB8K1Q1o1_vwGwonO7WNVafQdpWqYwEqyqfpD3,player_relationships/lADHf6b4XJWde4Lk8qQEB8K1Q1o1_vwGwonO7WNVafQdpWqYwEqyqfpD3
9moZCuXIQsCiFgHHX2oN,lADHf6b4XJWde4Lk8qQEB8K1Q1o1,vwGwonO7WNVafQdpWqYwEqyqfpD3,,,,2026-04-29T13:05:05.113Z,,2026-04-29T13:05:05.113Z,lADHf6b4XJWde4Lk8qQEB8K1Q1o1_vwGwonO7WNVafQdpWqYwEqyqfpD3,player_relationships/lADHf6b4XJWde4Lk8qQEB8K1Q1o1_vwGwonO7WNVafQdpWqYwEqyqfpD3
HRfKjPAltV3r3xXWrdIm,lADHf6b4XJWde4Lk8qQEB8K1Q1o1,vwGwonO7WNVafQdpWqYwEqyqfpD3,,,,2026-04-29T13:05:04.561Z,,2026-04-29T13:05:04.561Z,lADHf6b4XJWde4Lk8qQEB8K1Q1o1_vwGwonO7WNVafQdpWqYwEqyqfpD3,player_relationships/lADHf6b4XJWde4Lk8qQEB8K1Q1o1_vwGwonO7WNVafQdpWqYwEqyqfpD3
fDDvU9P3WrJeChRywWx7,lADHf6b4XJWde4Lk8qQEB8K1Q1o1,vwGwonO7WNVafQdpWqYwEqyqfpD3,,,,2026-04-29T13:05:03.528Z,,2026-04-29T13:05:03.528Z,lADHf6b4XJWde4Lk8qQEB8K1Q1o1_vwGwonO7WNVafQdpWqYwEqyqfpD3,player_relationships/lADHf6b4XJWde4Lk8qQEB8K1Q1o1_vwGwonO7WNVafQdpWqYwEqyqfpD3
EIf267LnaXJUUiSEN9TF,lADHf6b4XJWde4Lk8qQEB8K1Q1o1,vwGwonO7WNVafQdpWqYwEqyqfpD3,,,,2026-04-29T13:05:01.066Z,,2026-04-29T13:05:01.066Z,lADHf6b4XJWde4Lk8qQEB8K1Q1o1_vwGwonO7WNVafQdpWqYwEqyqfpD3,player_relationships/lADHf6b4XJWde4Lk8qQEB8K1Q1o1_vwGwonO7WNVafQdpWqYwEqyqfpD3
BdzFANP80dSFvoXENYTl,w3CzPUO9ZqMUy192hagGMOlljio1,NbTzmi9rfbM7sfuWH8dP1ZcYURm2,,,,2026-04-27T10:29:25.629Z,,2026-05-18T07:58:23.918Z,NbTzmi9rfbM7sfuWH8dP1ZcYURm2_w3CzPUO9ZqMUy192hagGMOlljio1,player_relationships/NbTzmi9rfbM7sfuWH8dP1ZcYURm2_w3CzPUO9ZqMUy192hagGMOlljio1
zqiK43NK6i0rM0WVlEEU,5xIDexVRYiaSFTLkzdlYY7IzelA2,NbTzmi9rfbM7sfuWH8dP1ZcYURm2,,,,2026-04-27T02:29:51.740Z,,2026-05-08T08:59:55.291Z,5xIDexVRYiaSFTLkzdlYY7IzelA2_NbTzmi9rfbM7sfuWH8dP1ZcYURm2,player_relationships/5xIDexVRYiaSFTLkzdlYY7IzelA2_NbTzmi9rfbM7sfuWH8dP1ZcYURm2
eqCUwTK7Wzw5DDQgaWXO,5xIDexVRYiaSFTLkzdlYY7IzelA2,NbTzmi9rfbM7sfuWH8dP1ZcYURm2,,,,2026-04-27T02:29:51.728Z,,2026-04-27T02:29:51.728Z,5xIDexVRYiaSFTLkzdlYY7IzelA2_NbTzmi9rfbM7sfuWH8dP1ZcYURm2,player_relationships/5xIDexVRYiaSFTLkzdlYY7IzelA2_NbTzmi9rfbM7sfuWH8dP1ZcYURm2
TVwREIwVcO69uJTZApIw,5xIDexVRYiaSFTLkzdlYY7IzelA2,NbTzmi9rfbM7sfuWH8dP1ZcYURm2,,,,2026-04-27T02:29:51.686Z,,2026-04-27T02:29:51.686Z,5xIDexVRYiaSFTLkzdlYY7IzelA2_NbTzmi9rfbM7sfuWH8dP1ZcYURm2,player_relationships/5xIDexVRYiaSFTLkzdlYY7IzelA2_NbTzmi9rfbM7sfuWH8dP1ZcYURm2
HpF3CEcxBFpPs8G4GYAB,5xIDexVRYiaSFTLkzdlYY7IzelA2,NbTzmi9rfbM7sfuWH8dP1ZcYURm2,,,,2026-04-27T02:29:51.478Z,,2026-04-27T02:29:51.478Z,5xIDexVRYiaSFTLkzdlYY7IzelA2_NbTzmi9rfbM7sfuWH8dP1ZcYURm2,player_relationships/5xIDexVRYiaSFTLkzdlYY7IzelA2_NbTzmi9rfbM7sfuWH8dP1ZcYURm2
krKl8Xvx1alD3hSbp7tl,5xIDexVRYiaSFTLkzdlYY7IzelA2,NbTzmi9rfbM7sfuWH8dP1ZcYURm2,,,,2026-04-27T02:01:08.311Z,,2026-04-27T02:28:49.550Z,5xIDexVRYiaSFTLkzdlYY7IzelA2_NbTzmi9rfbM7sfuWH8dP1ZcYURm2,player_relationships/5xIDexVRYiaSFTLkzdlYY7IzelA2_NbTzmi9rfbM7sfuWH8dP1ZcYURm2
RAk5gXi6yyeqP6v1LVpN,g7T9f45nZ9h7UFgHiKDhI0ei5ai1,NbuGeLBFOVdArVeysp8f5crBSr73,,,,2026-04-22T06:59:28.154Z,,2026-05-06T11:02:28.350Z,NbuGeLBFOVdArVeysp8f5crBSr73_g7T9f45nZ9h7UFgHiKDhI0ei5ai1,player_relationships/NbuGeLBFOVdArVeysp8f5crBSr73_g7T9f45nZ9h7UFgHiKDhI0ei5ai1
V4KhvlTDQr2rJNZu3pa9,5xIDexVRYiaSFTLkzdlYY7IzelA2,pyCTP9X0ixVkKScSs6TO3JXZuu03,,,,2026-04-21T11:48:59.294Z,,2026-04-26T10:57:41.438Z,5xIDexVRYiaSFTLkzdlYY7IzelA2_pyCTP9X0ixVkKScSs6TO3JXZuu03,player_relationships/5xIDexVRYiaSFTLkzdlYY7IzelA2_pyCTP9X0ixVkKScSs6TO3JXZuu03
ofdhsOMWyKi9z01NDMgu,5xIDexVRYiaSFTLkzdlYY7IzelA2,nveUvJdmjhNEsuhGnRjCbr1RGwV2,,,,2026-04-20T11:10:02.050Z,,2026-05-01T03:26:05.754Z,5xIDexVRYiaSFTLkzdlYY7IzelA2_nveUvJdmjhNEsuhGnRjCbr1RGwV2,player_relationships/5xIDexVRYiaSFTLkzdlYY7IzelA2_nveUvJdmjhNEsuhGnRjCbr1RGwV2
G0R75pHc3vQVoleml5VI,5xIDexVRYiaSFTLkzdlYY7IzelA2,4Vq1RMC484QEjvPM07GOPYC2w3h1,,,,2026-04-19T05:01:16.086Z,,2026-04-19T05:01:16.086Z,4Vq1RMC484QEjvPM07GOPYC2w3h1_5xIDexVRYiaSFTLkzdlYY7IzelA2,player_relationships/4Vq1RMC484QEjvPM07GOPYC2w3h1_5xIDexVRYiaSFTLkzdlYY7IzelA2
DEq72WwNy2PzRZM2A4lX,5xIDexVRYiaSFTLkzdlYY7IzelA2,Cua70mYgfsQezBwLxSELFHTJhjR2,,,,2026-04-19T03:43:04.663Z,,2026-04-19T03:43:04.663Z,5xIDexVRYiaSFTLkzdlYY7IzelA2_Cua70mYgfsQezBwLxSELFHTJhjR2,player_relationships/5xIDexVRYiaSFTLkzdlYY7IzelA2_Cua70mYgfsQezBwLxSELFHTJhjR2
EFZ3xhVwKbjpD0uSIdfd,5xIDexVRYiaSFTLkzdlYY7IzelA2,NbTzmi9rfbM7sfuWH8dP1ZcYURm2,,,,2026-04-19T03:41:31.814Z,,2026-04-27T01:18:29.961Z,5xIDexVRYiaSFTLkzdlYY7IzelA2_NbTzmi9rfbM7sfuWH8dP1ZcYURm2,player_relationships/5xIDexVRYiaSFTLkzdlYY7IzelA2_NbTzmi9rfbM7sfuWH8dP1ZcYURm2
8JNuOCyFyqDWVtmiJTys,5xIDexVRYiaSFTLkzdlYY7IzelA2,9qD3pLEJtXSsAgN0LnCWLtAIUJ93,,,,2026-04-16T00:55:37.612Z,,2026-04-16T00:55:37.612Z,5xIDexVRYiaSFTLkzdlYY7IzelA2_9qD3pLEJtXSsAgN0LnCWLtAIUJ93,player_relationships/5xIDexVRYiaSFTLkzdlYY7IzelA2_9qD3pLEJtXSsAgN0LnCWLtAIUJ93
7smmY0rk6G6ItjJcG15H,5xIDexVRYiaSFTLkzdlYY7IzelA2,NbTzmi9rfbM7sfuWH8dP1ZcYURm2,,,,2026-04-15T00:33:42.473Z,,2026-04-15T01:45:22.563Z,5xIDexVRYiaSFTLkzdlYY7IzelA2_NbTzmi9rfbM7sfuWH8dP1ZcYURm2,player_relationships/5xIDexVRYiaSFTLkzdlYY7IzelA2_NbTzmi9rfbM7sfuWH8dP1ZcYURm2
muiwt0NAQOlOazlFmNfx,NbuGeLBFOVdArVeysp8f5crBSr73,ZY1UfBw3vSQt8IQvnoUtdxzZR303,,,,2026-04-15T00:24:14.924Z,,2026-04-15T00:24:14.924Z,NbuGeLBFOVdArVeysp8f5crBSr73_ZY1UfBw3vSQt8IQvnoUtdxzZR303,player_relationships/NbuGeLBFOVdArVeysp8f5crBSr73_ZY1UfBw3vSQt8IQvnoUtdxzZR303
bA8LBHXnm313zEa6xfdZ,NbuGeLBFOVdArVeysp8f5crBSr73,ZY1UfBw3vSQt8IQvnoUtdxzZR303,,,,2026-04-15T00:24:14.912Z,,2026-04-15T00:24:14.912Z,NbuGeLBFOVdArVeysp8f5crBSr73_ZY1UfBw3vSQt8IQvnoUtdxzZR303,player_relationships/NbuGeLBFOVdArVeysp8f5crBSr73_ZY1UfBw3vSQt8IQvnoUtdxzZR303
WEaHYHhqXR5mwieUmBiJ,NbuGeLBFOVdArVeysp8f5crBSr73,ZY1UfBw3vSQt8IQvnoUtdxzZR303,,,,2026-04-15T00:24:14.899Z,,2026-04-15T00:24:14.899Z,NbuGeLBFOVdArVeysp8f5crBSr73_ZY1UfBw3vSQt8IQvnoUtdxzZR303,player_relationships/NbuGeLBFOVdArVeysp8f5crBSr73_ZY1UfBw3vSQt8IQvnoUtdxzZR303
hS4cpcTYGgiCckfPb2ar,NbuGeLBFOVdArVeysp8f5crBSr73,ZY1UfBw3vSQt8IQvnoUtdxzZR303,,,,2026-04-15T00:24:14.105Z,,2026-04-15T00:24:14.105Z,NbuGeLBFOVdArVeysp8f5crBSr73_ZY1UfBw3vSQt8IQvnoUtdxzZR303,player_relationships/NbuGeLBFOVdArVeysp8f5crBSr73_ZY1UfBw3vSQt8IQvnoUtdxzZR303
vsvK8zQy9zvgmiQwdF32,NbuGeLBFOVdArVeysp8f5crBSr73,ZY1UfBw3vSQt8IQvnoUtdxzZR303,,,,2026-04-15T00:24:13.088Z,,2026-04-15T00:24:13.088Z,NbuGeLBFOVdArVeysp8f5crBSr73_ZY1UfBw3vSQt8IQvnoUtdxzZR303,player_relationships/NbuGeLBFOVdArVeysp8f5crBSr73_ZY1UfBw3vSQt8IQvnoUtdxzZR303
ecjvAannBElII1FeyTr7,NbuGeLBFOVdArVeysp8f5crBSr73,ZY1UfBw3vSQt8IQvnoUtdxzZR303,,,,2026-04-15T00:24:13.067Z,,2026-04-15T00:24:13.067Z,NbuGeLBFOVdArVeysp8f5crBSr73_ZY1UfBw3vSQt8IQvnoUtdxzZR303,player_relationships/NbuGeLBFOVdArVeysp8f5crBSr73_ZY1UfBw3vSQt8IQvnoUtdxzZR303
xeeesUvcdJcbxXBphSKd,NbuGeLBFOVdArVeysp8f5crBSr73,ZY1UfBw3vSQt8IQvnoUtdxzZR303,,,,2026-04-15T00:24:12.247Z,,2026-04-15T00:24:12.247Z,NbuGeLBFOVdArVeysp8f5crBSr73_ZY1UfBw3vSQt8IQvnoUtdxzZR303,player_relationships/NbuGeLBFOVdArVeysp8f5crBSr73_ZY1UfBw3vSQt8IQvnoUtdxzZR303
OoVkEQCvweAYm0lpkpEO,ZY1UfBw3vSQt8IQvnoUtdxzZR303,IV6ZaTdRcrgdWzwNnL1fQC40s0w2,,,,2026-04-14T06:12:37.920Z,,2026-04-14T06:21:19.122Z,IV6ZaTdRcrgdWzwNnL1fQC40s0w2_ZY1UfBw3vSQt8IQvnoUtdxzZR303,player_relationships/IV6ZaTdRcrgdWzwNnL1fQC40s0w2_ZY1UfBw3vSQt8IQvnoUtdxzZR303
jnWkwgPO6muxTLqOiM7r,ZY1UfBw3vSQt8IQvnoUtdxzZR303,IV6ZaTdRcrgdWzwNnL1fQC40s0w2,,,,2026-04-14T06:10:17.131Z,,2026-04-14T06:12:13.480Z,IV6ZaTdRcrgdWzwNnL1fQC40s0w2_ZY1UfBw3vSQt8IQvnoUtdxzZR303,player_relationships/IV6ZaTdRcrgdWzwNnL1fQC40s0w2_ZY1UfBw3vSQt8IQvnoUtdxzZR303
QFBFdoWhTpPopRQqKlTU,TuGHKshSpbcnwntLPuIsU9iApbd2,ZY1UfBw3vSQt8IQvnoUtdxzZR303,,,,2026-04-14T05:50:39.437Z,,2026-04-14T05:50:39.437Z,TuGHKshSpbcnwntLPuIsU9iApbd2_ZY1UfBw3vSQt8IQvnoUtdxzZR303,player_relationships/TuGHKshSpbcnwntLPuIsU9iApbd2_ZY1UfBw3vSQt8IQvnoUtdxzZR303
jkJLTdJYaHYGg1wqb8Sc,ZY1UfBw3vSQt8IQvnoUtdxzZR303,TuGHKshSpbcnwntLPuIsU9iApbd2,,,,2026-04-14T05:50:14.437Z,,2026-04-14T05:50:14.437Z,TuGHKshSpbcnwntLPuIsU9iApbd2_ZY1UfBw3vSQt8IQvnoUtdxzZR303,player_relationships/TuGHKshSpbcnwntLPuIsU9iApbd2_ZY1UfBw3vSQt8IQvnoUtdxzZR303
tzVtL9jfKioZulP8Rz7V,w3CzPUO9ZqMUy192hagGMOlljio1,ZY1UfBw3vSQt8IQvnoUtdxzZR303,,,,2026-04-14T05:48:27.066Z,,2026-04-23T02:13:02.823Z,ZY1UfBw3vSQt8IQvnoUtdxzZR303_w3CzPUO9ZqMUy192hagGMOlljio1,player_relationships/ZY1UfBw3vSQt8IQvnoUtdxzZR303_w3CzPUO9ZqMUy192hagGMOlljio1
UmRN24gOe0gOl0WCk4bb,w3CzPUO9ZqMUy192hagGMOlljio1,9qD3pLEJtXSsAgN0LnCWLtAIUJ93,,,,2026-04-12T10:25:40.954Z,,2026-05-18T07:58:53.475Z,9qD3pLEJtXSsAgN0LnCWLtAIUJ93_w3CzPUO9ZqMUy192hagGMOlljio1,player_relationships/9qD3pLEJtXSsAgN0LnCWLtAIUJ93_w3CzPUO9ZqMUy192hagGMOlljio1
f6lgmxs3wIqY87IT8zUf,w3CzPUO9ZqMUy192hagGMOlljio1,9qD3pLEJtXSsAgN0LnCWLtAIUJ93,,,,2026-04-12T10:25:05.317Z,,2026-04-12T10:25:24.788Z,9qD3pLEJtXSsAgN0LnCWLtAIUJ93_w3CzPUO9ZqMUy192hagGMOlljio1,player_relationships/9qD3pLEJtXSsAgN0LnCWLtAIUJ93_w3CzPUO9ZqMUy192hagGMOlljio1
pd9kDAB0gwvvJu5frbF7,w3CzPUO9ZqMUy192hagGMOlljio1,9qD3pLEJtXSsAgN0LnCWLtAIUJ93,,,,2026-04-12T10:24:39.724Z,,2026-04-12T10:24:48.571Z,9qD3pLEJtXSsAgN0LnCWLtAIUJ93_w3CzPUO9ZqMUy192hagGMOlljio1,player_relationships/9qD3pLEJtXSsAgN0LnCWLtAIUJ93_w3CzPUO9ZqMUy192hagGMOlljio1
IBUxYeXjV89IgyWWooyY,5xIDexVRYiaSFTLkzdlYY7IzelA2,c5LHstrHEqbLqQj2aJbH3YBB8Dt1,,,,2026-04-10T13:51:09.693Z,,2026-04-11T05:58:13.377Z,5xIDexVRYiaSFTLkzdlYY7IzelA2_c5LHstrHEqbLqQj2aJbH3YBB8Dt1,player_relationships/5xIDexVRYiaSFTLkzdlYY7IzelA2_c5LHstrHEqbLqQj2aJbH3YBB8Dt1
HeWltwhBmYwJSomT642p,MLYOKrT2Z1Qqvo2LUx4vYibtFej2,NbTzmi9rfbM7sfuWH8dP1ZcYURm2,,,,2026-04-10T02:52:56.963Z,,2026-05-10T11:12:40.632Z,MLYOKrT2Z1Qqvo2LUx4vYibtFej2_NbTzmi9rfbM7sfuWH8dP1ZcYURm2,player_relationships/MLYOKrT2Z1Qqvo2LUx4vYibtFej2_NbTzmi9rfbM7sfuWH8dP1ZcYURm2
eUFhNdGpMuMo1PjYC8EM,5xIDexVRYiaSFTLkzdlYY7IzelA2,Cua70mYgfsQezBwLxSELFHTJhjR2,,,,2026-04-09T10:34:39.489Z,,2026-04-09T10:34:39.489Z,5xIDexVRYiaSFTLkzdlYY7IzelA2_Cua70mYgfsQezBwLxSELFHTJhjR2,player_relationships/5xIDexVRYiaSFTLkzdlYY7IzelA2_Cua70mYgfsQezBwLxSELFHTJhjR2
akpih4ziYAIGpDB08TxP,5xIDexVRYiaSFTLkzdlYY7IzelA2,NbTzmi9rfbM7sfuWH8dP1ZcYURm2,,,,2026-04-09T10:33:52.281Z,,2026-04-09T12:20:50.953Z,5xIDexVRYiaSFTLkzdlYY7IzelA2_NbTzmi9rfbM7sfuWH8dP1ZcYURm2,player_relationships/5xIDexVRYiaSFTLkzdlYY7IzelA2_NbTzmi9rfbM7sfuWH8dP1ZcYURm2
KpcxwjkBBtvuD5r1c05f,5xIDexVRYiaSFTLkzdlYY7IzelA2,NbTzmi9rfbM7sfuWH8dP1ZcYURm2,,,,2026-04-09T10:33:13.612Z,,2026-04-09T10:33:26.734Z,5xIDexVRYiaSFTLkzdlYY7IzelA2_NbTzmi9rfbM7sfuWH8dP1ZcYURm2,player_relationships/5xIDexVRYiaSFTLkzdlYY7IzelA2_NbTzmi9rfbM7sfuWH8dP1ZcYURm2
v4hVKmYNip18FsrCOSRm,5xIDexVRYiaSFTLkzdlYY7IzelA2,gIx1A8LdxZZJqYn8q5pgD9EHZbS2,,,,2026-04-09T10:30:10.076Z,,2026-05-05T02:58:55.342Z,5xIDexVRYiaSFTLkzdlYY7IzelA2_gIx1A8LdxZZJqYn8q5pgD9EHZbS2,player_relationships/5xIDexVRYiaSFTLkzdlYY7IzelA2_gIx1A8LdxZZJqYn8q5pgD9EHZbS2
zNinQejaMQLwFg5ANW0b,TaJs0MNJPfQElXJSXr4SYyTmxWP2,ZHFe6WhXuDQYxCXwv7hGxECtwcC2,,,,2026-04-09T04:35:00.946Z,,2026-04-09T04:35:00.946Z,TaJs0MNJPfQElXJSXr4SYyTmxWP2_ZHFe6WhXuDQYxCXwv7hGxECtwcC2,player_relationships/TaJs0MNJPfQElXJSXr4SYyTmxWP2_ZHFe6WhXuDQYxCXwv7hGxECtwcC2
NwX82jPnHX88G5ZJtgls,OjnKYIKeb6PUrurbaZrb7senL1C3,IV6ZaTdRcrgdWzwNnL1fQC40s0w2,,,,2026-04-07T05:49:51.388Z,,2026-04-07T05:49:51.388Z,IV6ZaTdRcrgdWzwNnL1fQC40s0w2_OjnKYIKeb6PUrurbaZrb7senL1C3,player_relationships/IV6ZaTdRcrgdWzwNnL1fQC40s0w2_OjnKYIKeb6PUrurbaZrb7senL1C3
G6646pSGM79mHsQdWONF,RDT0ovRdiBWrW2Uv06ECaOc18JV2,yTvQ5mYTzPN6A6bopzzQfifQnwL2,,,,2026-04-06T22:26:25.811Z,,2026-04-06T22:26:25.811Z,RDT0ovRdiBWrW2Uv06ECaOc18JV2_yTvQ5mYTzPN6A6bopzzQfifQnwL2,player_relationships/RDT0ovRdiBWrW2Uv06ECaOc18JV2_yTvQ5mYTzPN6A6bopzzQfifQnwL2
t6qK1TXsxJDzxaN5Y9qM,fLQEisnhlRQIMckX6f67qnoE1IB3,lRmUpclRnGZ3Tfl7K0ViZdGlSwU2,,,,2026-04-02T22:32:11.124Z,,2026-04-08T19:17:02.394Z,fLQEisnhlRQIMckX6f67qnoE1IB3_lRmUpclRnGZ3Tfl7K0ViZdGlSwU2,player_relationships/fLQEisnhlRQIMckX6f67qnoE1IB3_lRmUpclRnGZ3Tfl7K0ViZdGlSwU2
EQPlYkUCNLAb9jl919qx,r8t4i3cBgBYae6o6X7AT4Dq58xB2,KWQOQSolOzSL682YLa65XnIu0Uh2,,,,2026-04-01T10:34:42.174Z,,2026-04-01T19:59:21.156Z,KWQOQSolOzSL682YLa65XnIu0Uh2_r8t4i3cBgBYae6o6X7AT4Dq58xB2,player_relationships/KWQOQSolOzSL682YLa65XnIu0Uh2_r8t4i3cBgBYae6o6X7AT4Dq58xB2
ZYGXIpU18yaqi4JqSsgA,w3CzPUO9ZqMUy192hagGMOlljio1,gIx1A8LdxZZJqYn8q5pgD9EHZbS2,,,,2026-03-30T23:58:11.873Z,,2026-03-31T00:59:16.237Z,gIx1A8LdxZZJqYn8q5pgD9EHZbS2_w3CzPUO9ZqMUy192hagGMOlljio1,player_relationships/gIx1A8LdxZZJqYn8q5pgD9EHZbS2_w3CzPUO9ZqMUy192hagGMOlljio1
OeRKkFBm5YH7AzGkN6M4,w3CzPUO9ZqMUy192hagGMOlljio1,gIx1A8LdxZZJqYn8q5pgD9EHZbS2,,,,2026-03-30T21:56:17.214Z,,2026-03-30T23:57:45.784Z,gIx1A8LdxZZJqYn8q5pgD9EHZbS2_w3CzPUO9ZqMUy192hagGMOlljio1,player_relationships/gIx1A8LdxZZJqYn8q5pgD9EHZbS2_w3CzPUO9ZqMUy192hagGMOlljio1
lasJneF0RVWzuiT3FpjY,fLQEisnhlRQIMckX6f67qnoE1IB3,GSXEeYz09YOYhT9LivoAnvSq0I32,,,,2026-03-30T09:36:54.195Z,,2026-03-30T09:37:08.800Z,GSXEeYz09YOYhT9LivoAnvSq0I32_fLQEisnhlRQIMckX6f67qnoE1IB3,player_relationships/GSXEeYz09YOYhT9LivoAnvSq0I32_fLQEisnhlRQIMckX6f67qnoE1IB3
NwPKXNEh4yXWPPySKoY7,Vh6Rod3zQMYD52ma6L2f2B8KOmo2,OA9RuYr1EGQBFRbaAwg5zYxXLQs2,,,,2026-03-29T05:12:22.477Z,,2026-03-29T05:12:22.477Z,OA9RuYr1EGQBFRbaAwg5zYxXLQs2_Vh6Rod3zQMYD52ma6L2f2B8KOmo2,player_relationships/OA9RuYr1EGQBFRbaAwg5zYxXLQs2_Vh6Rod3zQMYD52ma6L2f2B8KOmo2
GVwArYabe6y2OWvp82tu,fLQEisnhlRQIMckX6f67qnoE1IB3,Pnlf1NEcejcuRbtGVpoLyO2YFHM2,,,,2026-03-29T00:16:46.955Z,,2026-04-30T07:59:32.906Z,Pnlf1NEcejcuRbtGVpoLyO2YFHM2_fLQEisnhlRQIMckX6f67qnoE1IB3,player_relationships/Pnlf1NEcejcuRbtGVpoLyO2YFHM2_fLQEisnhlRQIMckX6f67qnoE1IB3
C7ngq6baKnmBKhS0o1mm,5xIDexVRYiaSFTLkzdlYY7IzelA2,zf3KzDGK1qharZ8iz8XMueiYmZv1,,,,2026-03-26T12:57:28.833Z,,2026-03-26T13:08:41.870Z,5xIDexVRYiaSFTLkzdlYY7IzelA2_zf3KzDGK1qharZ8iz8XMueiYmZv1,player_relationships/5xIDexVRYiaSFTLkzdlYY7IzelA2_zf3KzDGK1qharZ8iz8XMueiYmZv1
WqSTZuHN7fXfepAdlHnW,5xIDexVRYiaSFTLkzdlYY7IzelA2,lRmUpclRnGZ3Tfl7K0ViZdGlSwU2,,,,2026-03-26T12:35:56.794Z,,2026-04-08T00:23:56.456Z,5xIDexVRYiaSFTLkzdlYY7IzelA2_lRmUpclRnGZ3Tfl7K0ViZdGlSwU2,player_relationships/5xIDexVRYiaSFTLkzdlYY7IzelA2_lRmUpclRnGZ3Tfl7K0ViZdGlSwU2
J6Vrid9OodgDT8wZ70PO,5xIDexVRYiaSFTLkzdlYY7IzelA2,Cua70mYgfsQezBwLxSELFHTJhjR2,,,,2026-03-26T12:34:38.243Z,,2026-03-26T12:34:38.243Z,5xIDexVRYiaSFTLkzdlYY7IzelA2_Cua70mYgfsQezBwLxSELFHTJhjR2,player_relationships/5xIDexVRYiaSFTLkzdlYY7IzelA2_Cua70mYgfsQezBwLxSELFHTJhjR2
eQqdyfqJTLAPMidFXNzp,5xIDexVRYiaSFTLkzdlYY7IzelA2,pyCTP9X0ixVkKScSs6TO3JXZuu03,,,,2026-03-26T10:30:14.154Z,,2026-03-26T10:30:14.154Z,5xIDexVRYiaSFTLkzdlYY7IzelA2_pyCTP9X0ixVkKScSs6TO3JXZuu03,player_relationships/5xIDexVRYiaSFTLkzdlYY7IzelA2_pyCTP9X0ixVkKScSs6TO3JXZuu03
LpTbL9vx1FiP26t6FSKr,RDT0ovRdiBWrW2Uv06ECaOc18JV2,6dLaVE6ZSQMi0hXFTm3VY0HOdUz1,,,,2026-03-26T10:05:43.030Z,,2026-03-26T10:05:43.030Z,6dLaVE6ZSQMi0hXFTm3VY0HOdUz1_RDT0ovRdiBWrW2Uv06ECaOc18JV2,player_relationships/6dLaVE6ZSQMi0hXFTm3VY0HOdUz1_RDT0ovRdiBWrW2Uv06ECaOc18JV2
bW1r5kOOQ72QzpNbgxY9,5xIDexVRYiaSFTLkzdlYY7IzelA2,w3CzPUO9ZqMUy192hagGMOlljio1,,,,2026-03-26T07:40:16.752Z,,2026-03-26T10:17:47.057Z,5xIDexVRYiaSFTLkzdlYY7IzelA2_w3CzPUO9ZqMUy192hagGMOlljio1,player_relationships/5xIDexVRYiaSFTLkzdlYY7IzelA2_w3CzPUO9ZqMUy192hagGMOlljio1
3Ty27egAXRhtgUghqhHq,5xIDexVRYiaSFTLkzdlYY7IzelA2,TaR8rB8CiNb3iOb4izy4e5hphmw2,,,,2026-03-26T07:27:35.052Z,,2026-03-26T07:27:35.052Z,5xIDexVRYiaSFTLkzdlYY7IzelA2_TaR8rB8CiNb3iOb4izy4e5hphmw2,player_relationships/5xIDexVRYiaSFTLkzdlYY7IzelA2_TaR8rB8CiNb3iOb4izy4e5hphmw2
EOW4rEQkVXkO8oGQkCQQ,kq1bSAZaIYWo5zcYVdv29XOyrNL2,pcW8lsr8JzaBsBCkWupDspM7Egs2,,,,2026-03-25T04:18:15.348Z,,2026-03-25T04:19:12.069Z,kq1bSAZaIYWo5zcYVdv29XOyrNL2_pcW8lsr8JzaBsBCkWupDspM7Egs2,player_relationships/kq1bSAZaIYWo5zcYVdv29XOyrNL2_pcW8lsr8JzaBsBCkWupDspM7Egs2
3z9BJ4PMSzFPeO8zhes8,fLQEisnhlRQIMckX6f67qnoE1IB3,Pnlf1NEcejcuRbtGVpoLyO2YFHM2,,,,2026-03-24T04:13:24.446Z,,2026-03-28T01:36:21.799Z,Pnlf1NEcejcuRbtGVpoLyO2YFHM2_fLQEisnhlRQIMckX6f67qnoE1IB3,player_relationships/Pnlf1NEcejcuRbtGVpoLyO2YFHM2_fLQEisnhlRQIMckX6f67qnoE1IB3
kGoCnnYbgatowqdLj7dg,fLQEisnhlRQIMckX6f67qnoE1IB3,Pnlf1NEcejcuRbtGVpoLyO2YFHM2,,,,2026-03-24T04:12:28.883Z,,2026-03-24T04:12:43.807Z,Pnlf1NEcejcuRbtGVpoLyO2YFHM2_fLQEisnhlRQIMckX6f67qnoE1IB3,player_relationships/Pnlf1NEcejcuRbtGVpoLyO2YFHM2_fLQEisnhlRQIMckX6f67qnoE1IB3
VCeIsAvCS2kIPeIyqfoP,5xIDexVRYiaSFTLkzdlYY7IzelA2,uwpfsRJz2cQX8MEPdSts3A8Dkxm2,,,,2026-03-21T05:50:14.714Z,,2026-03-21T05:50:39.650Z,5xIDexVRYiaSFTLkzdlYY7IzelA2_uwpfsRJz2cQX8MEPdSts3A8Dkxm2,player_relationships/5xIDexVRYiaSFTLkzdlYY7IzelA2_uwpfsRJz2cQX8MEPdSts3A8Dkxm2
RdqpBhkY0ScFPMnnjSIP,5xIDexVRYiaSFTLkzdlYY7IzelA2,uwpfsRJz2cQX8MEPdSts3A8Dkxm2,,,,2026-03-21T03:32:56.094Z,,2026-03-21T03:32:56.094Z,5xIDexVRYiaSFTLkzdlYY7IzelA2_uwpfsRJz2cQX8MEPdSts3A8Dkxm2,player_relationships/5xIDexVRYiaSFTLkzdlYY7IzelA2_uwpfsRJz2cQX8MEPdSts3A8Dkxm2
uyxuMKfn7W5DzjE6OITT,5xIDexVRYiaSFTLkzdlYY7IzelA2,Cua70mYgfsQezBwLxSELFHTJhjR2,,,,2026-03-21T03:05:24.313Z,,2026-03-21T03:05:24.313Z,5xIDexVRYiaSFTLkzdlYY7IzelA2_Cua70mYgfsQezBwLxSELFHTJhjR2,player_relationships/5xIDexVRYiaSFTLkzdlYY7IzelA2_Cua70mYgfsQezBwLxSELFHTJhjR2
ltBUVSiT9l4g4l2kx4Aa,5xIDexVRYiaSFTLkzdlYY7IzelA2,w3CzPUO9ZqMUy192hagGMOlljio1,,,,2026-03-21T02:15:24.351Z,,2026-03-21T03:23:18.411Z,5xIDexVRYiaSFTLkzdlYY7IzelA2_w3CzPUO9ZqMUy192hagGMOlljio1,player_relationships/5xIDexVRYiaSFTLkzdlYY7IzelA2_w3CzPUO9ZqMUy192hagGMOlljio1
IYABkqaV4PdKbf97ySoR,uwpfsRJz2cQX8MEPdSts3A8Dkxm2,TuGHKshSpbcnwntLPuIsU9iApbd2,,,,2026-03-18T11:14:32.613Z,,2026-03-18T11:18:02.057Z,TuGHKshSpbcnwntLPuIsU9iApbd2_uwpfsRJz2cQX8MEPdSts3A8Dkxm2,player_relationships/TuGHKshSpbcnwntLPuIsU9iApbd2_uwpfsRJz2cQX8MEPdSts3A8Dkxm2
VFMZYUkd1pWEtHttx15K,w3CzPUO9ZqMUy192hagGMOlljio1,p5Mmawc76pO1ZYx2lgT4sDPwVwM2,,,,2026-03-16T03:56:04.980Z,,2026-03-16T03:56:16.470Z,p5Mmawc76pO1ZYx2lgT4sDPwVwM2_w3CzPUO9ZqMUy192hagGMOlljio1,player_relationships/p5Mmawc76pO1ZYx2lgT4sDPwVwM2_w3CzPUO9ZqMUy192hagGMOlljio1
8Kzf4jPlqz5yilknhDE0,w3CzPUO9ZqMUy192hagGMOlljio1,p5Mmawc76pO1ZYx2lgT4sDPwVwM2,,,,2026-03-16T03:38:59.021Z,,2026-03-16T03:39:05.975Z,p5Mmawc76pO1ZYx2lgT4sDPwVwM2_w3CzPUO9ZqMUy192hagGMOlljio1,player_relationships/p5Mmawc76pO1ZYx2lgT4sDPwVwM2_w3CzPUO9ZqMUy192hagGMOlljio1
vnMAv38PXt6ATm9txeax,uwpfsRJz2cQX8MEPdSts3A8Dkxm2,68HjZ2XsQESMPEd1fNbxemcESl72,,,,2026-03-13T06:23:32.452Z,,2026-03-13T07:57:07.461Z,68HjZ2XsQESMPEd1fNbxemcESl72_uwpfsRJz2cQX8MEPdSts3A8Dkxm2,player_relationships/68HjZ2XsQESMPEd1fNbxemcESl72_uwpfsRJz2cQX8MEPdSts3A8Dkxm2
Q9Q0WHiiceBpY4r2OTjE,gIx1A8LdxZZJqYn8q5pgD9EHZbS2,crht38pwlYSiZi7Ria2hDgLDNBL2,,,,2026-03-13T00:22:02.074Z,,2026-03-13T00:22:02.074Z,crht38pwlYSiZi7Ria2hDgLDNBL2_gIx1A8LdxZZJqYn8q5pgD9EHZbS2,player_relationships/crht38pwlYSiZi7Ria2hDgLDNBL2_gIx1A8LdxZZJqYn8q5pgD9EHZbS2
zmzuhUV35o9G5FpTbCSH,uwpfsRJz2cQX8MEPdSts3A8Dkxm2,R30Megm2CJVLfF7Bz0AcmszieMx2,,,,2026-03-10T19:05:15.473Z,,2026-03-11T05:03:49.650Z,R30Megm2CJVLfF7Bz0AcmszieMx2_uwpfsRJz2cQX8MEPdSts3A8Dkxm2,player_relationships/R30Megm2CJVLfF7Bz0AcmszieMx2_uwpfsRJz2cQX8MEPdSts3A8Dkxm2
H7yc7rA72ZUp7ouBHrwN,w3CzPUO9ZqMUy192hagGMOlljio1,uwpfsRJz2cQX8MEPdSts3A8Dkxm2,,,,2026-03-09T22:42:59.641Z,,2026-05-18T07:58:58.392Z,uwpfsRJz2cQX8MEPdSts3A8Dkxm2_w3CzPUO9ZqMUy192hagGMOlljio1,player_relationships/uwpfsRJz2cQX8MEPdSts3A8Dkxm2_w3CzPUO9ZqMUy192hagGMOlljio1
9FZDY8foUiIh3j98Xl44,uwpfsRJz2cQX8MEPdSts3A8Dkxm2,FvifENVrjOMfzXO35hWXzLW7gGJ2,,,,2026-03-09T09:31:32.972Z,,2026-03-09T09:31:43.090Z,FvifENVrjOMfzXO35hWXzLW7gGJ2_uwpfsRJz2cQX8MEPdSts3A8Dkxm2,player_relationships/FvifENVrjOMfzXO35hWXzLW7gGJ2_uwpfsRJz2cQX8MEPdSts3A8Dkxm2
OVPABkKWNUhrm5OVdrWD,uwpfsRJz2cQX8MEPdSts3A8Dkxm2,ZHFe6WhXuDQYxCXwv7hGxECtwcC2,,,,2026-03-09T09:11:23.756Z,,2026-03-09T09:11:23.756Z,ZHFe6WhXuDQYxCXwv7hGxECtwcC2_uwpfsRJz2cQX8MEPdSts3A8Dkxm2,player_relationships/ZHFe6WhXuDQYxCXwv7hGxECtwcC2_uwpfsRJz2cQX8MEPdSts3A8Dkxm2
cljlFTQ4QIqFtv9Ey3J8,uwpfsRJz2cQX8MEPdSts3A8Dkxm2,w3CzPUO9ZqMUy192hagGMOlljio1,,,,2026-03-09T08:50:43.838Z,,2026-03-09T08:51:35.292Z,uwpfsRJz2cQX8MEPdSts3A8Dkxm2_w3CzPUO9ZqMUy192hagGMOlljio1,player_relationships/uwpfsRJz2cQX8MEPdSts3A8Dkxm2_w3CzPUO9ZqMUy192hagGMOlljio1
OzuzG60MW0oPW3fK9D9X,xB8cRmAYfhO4VkkyuQ5qVsbAiPk2,pyCTP9X0ixVkKScSs6TO3JXZuu03,,,,2026-03-09T08:50:33.822Z,,2026-03-09T08:50:33.822Z,pyCTP9X0ixVkKScSs6TO3JXZuu03_xB8cRmAYfhO4VkkyuQ5qVsbAiPk2,player_relationships/pyCTP9X0ixVkKScSs6TO3JXZuu03_xB8cRmAYfhO4VkkyuQ5qVsbAiPk2
qzaSrt2Hv2gC1ML8wwyt,uwpfsRJz2cQX8MEPdSts3A8Dkxm2,w3CzPUO9ZqMUy192hagGMOlljio1,,,,2026-03-09T08:50:02.862Z,,2026-03-09T08:50:09.670Z,uwpfsRJz2cQX8MEPdSts3A8Dkxm2_w3CzPUO9ZqMUy192hagGMOlljio1,player_relationships/uwpfsRJz2cQX8MEPdSts3A8Dkxm2_w3CzPUO9ZqMUy192hagGMOlljio1
YmRmUatWp4LFTdiaR6II,uwpfsRJz2cQX8MEPdSts3A8Dkxm2,w3CzPUO9ZqMUy192hagGMOlljio1,,,,2026-03-09T08:31:48.815Z,,2026-03-09T08:34:56.661Z,uwpfsRJz2cQX8MEPdSts3A8Dkxm2_w3CzPUO9ZqMUy192hagGMOlljio1,player_relationships/uwpfsRJz2cQX8MEPdSts3A8Dkxm2_w3CzPUO9ZqMUy192hagGMOlljio1
VHzyiC9EoXFkWhoeJqwv,w3CzPUO9ZqMUy192hagGMOlljio1,uwpfsRJz2cQX8MEPdSts3A8Dkxm2,,,,2026-03-09T08:30:45.420Z,,2026-03-09T08:31:17.717Z,uwpfsRJz2cQX8MEPdSts3A8Dkxm2_w3CzPUO9ZqMUy192hagGMOlljio1,player_relationships/uwpfsRJz2cQX8MEPdSts3A8Dkxm2_w3CzPUO9ZqMUy192hagGMOlljio1
I09F1DCVukdCNSU1ggji,uwpfsRJz2cQX8MEPdSts3A8Dkxm2,FvifENVrjOMfzXO35hWXzLW7gGJ2,,,,2026-03-09T08:14:54.370Z,,2026-03-09T08:15:06.806Z,FvifENVrjOMfzXO35hWXzLW7gGJ2_uwpfsRJz2cQX8MEPdSts3A8Dkxm2,player_relationships/FvifENVrjOMfzXO35hWXzLW7gGJ2_uwpfsRJz2cQX8MEPdSts3A8Dkxm2
7spXimIJWKr3SsR6C2DS,uwpfsRJz2cQX8MEPdSts3A8Dkxm2,FvifENVrjOMfzXO35hWXzLW7gGJ2,,,,2026-03-09T08:13:50.418Z,,2026-03-09T08:14:42.446Z,FvifENVrjOMfzXO35hWXzLW7gGJ2_uwpfsRJz2cQX8MEPdSts3A8Dkxm2,player_relationships/FvifENVrjOMfzXO35hWXzLW7gGJ2_uwpfsRJz2cQX8MEPdSts3A8Dkxm2
UJAcA76TtLL7lxZDJHxj,w3CzPUO9ZqMUy192hagGMOlljio1,MNpgIguWtXc3Hwl4t8ion9552Iq2,,,,2026-03-09T00:32:21.201Z,,2026-03-09T00:32:21.201Z,MNpgIguWtXc3Hwl4t8ion9552Iq2_w3CzPUO9ZqMUy192hagGMOlljio1,player_relationships/MNpgIguWtXc3Hwl4t8ion9552Iq2_w3CzPUO9ZqMUy192hagGMOlljio1
i3bS6x02DwaascGdTf6A,MNpgIguWtXc3Hwl4t8ion9552Iq2,w3CzPUO9ZqMUy192hagGMOlljio1,,,,2026-03-07T10:31:14.780Z,,2026-03-07T10:53:21.360Z,MNpgIguWtXc3Hwl4t8ion9552Iq2_w3CzPUO9ZqMUy192hagGMOlljio1,player_relationships/MNpgIguWtXc3Hwl4t8ion9552Iq2_w3CzPUO9ZqMUy192hagGMOlljio1
SOpp8qFQuqeHPItJpgHH,MNpgIguWtXc3Hwl4t8ion9552Iq2,w3CzPUO9ZqMUy192hagGMOlljio1,,,,2026-02-28T10:59:42.409Z,,2026-02-28T11:03:07.531Z,MNpgIguWtXc3Hwl4t8ion9552Iq2_w3CzPUO9ZqMUy192hagGMOlljio1,player_relationships/MNpgIguWtXc3Hwl4t8ion9552Iq2_w3CzPUO9ZqMUy192hagGMOlljio1
vAmahD7Ced6bOzhPzZQw,w3CzPUO9ZqMUy192hagGMOlljio1,MNpgIguWtXc3Hwl4t8ion9552Iq2,,,,2026-02-28T10:55:44.942Z,,2026-02-28T10:56:29.232Z,MNpgIguWtXc3Hwl4t8ion9552Iq2_w3CzPUO9ZqMUy192hagGMOlljio1,player_relationships/MNpgIguWtXc3Hwl4t8ion9552Iq2_w3CzPUO9ZqMUy192hagGMOlljio1
tZspnnHhVvhI8ot43G2j,MNpgIguWtXc3Hwl4t8ion9552Iq2,w3CzPUO9ZqMUy192hagGMOlljio1,,,,2026-02-28T10:48:37.046Z,,2026-02-28T10:51:47.808Z,MNpgIguWtXc3Hwl4t8ion9552Iq2_w3CzPUO9ZqMUy192hagGMOlljio1,player_relationships/MNpgIguWtXc3Hwl4t8ion9552Iq2_w3CzPUO9ZqMUy192hagGMOlljio1
